date,recovery,rhr,hrv,skin_temp,spo2,strain,calories,max_hr,avg_hr,sleep_perf,resp_rate,sleep_min,in_bed_min,light_min,deep_min,rem_min,awake_min,sleep_need_min,sleep_debt_min,sleep_eff,sleep_consistency,sleep_onset_dt,wake_onset_dt,bedtime_hr,wake_hr,n_workouts,total_workout_min,total_workout_strain,max_workout_strain,did_running,did_lifting,j_late_food,j_caffeine,j_magnesium,j_protein,j_dimmed_lights,j_alcohol,j_read_in_bed,j_sunlight_am,j_tracked_cal,dow,is_weekend,recovery_lag1,recovery_lag2,recovery_lag3,recovery_lag4,recovery_lag5,recovery_lag6,recovery_lag7,hrv_lag1,hrv_lag2,hrv_lag3,hrv_lag7,rhr_lag1,rhr_lag2,rhr_lag3,rhr_lag7,strain_lag1,strain_lag2,strain_lag3,strain_lag7,sleep_perf_lag1,sleep_perf_lag2,sleep_perf_lag3,sleep_perf_lag7,strain_roll7,total_workout_min_roll7,total_workout_strain_roll7,n_workouts_roll7,recovery_next,recovery_next_zone
2025-09-19,64.0,61.0,87.0,32.98,97.31,14.7,3256.0,167.0,86.0,73.0,16.6,367.0,409.0,123.0,106.0,138.0,42.0,608.0,92.0,89.0,,2025-09-19 03:24:28,2025-09-19 10:14:29,15.4,10.233333333333333,1.0,86.0,8.9,8.9,0.0,1.0,0.0,1.0,0.0,0.0,0.0,1.0,0.0,0.0,0.0,4,0,66.0,,,,,,,87.0,,,,70.0,,,,15.5,13.9,,,77.0,,,,,,,,45.0,Yellow
2025-09-20,45.0,70.0,86.0,33.19,95.55,17.5,3712.0,174.0,86.0,31.0,17.4,294.0,421.0,180.0,17.0,97.0,127.0,631.0,120.0,69.0,57.0,2025-09-20 04:44:18,2025-09-20 11:46:58,16.733333333333334,11.766666666666667,1.0,49.0,8.8,8.8,0.0,0.0,1.0,1.0,0.0,0.0,0.0,1.0,0.0,0.0,0.0,5,1,64.0,66.0,,,,,,87.0,87.0,,,61.0,70.0,,,14.7,15.5,13.9,,73.0,77.0,,,14.700000000000001,63.666666666666664,13.566666666666668,1.6666666666666667,65.0,Yellow
2025-09-21,65.0,65.0,101.0,33.61,95.18,7.3,2170.0,158.0,71.0,63.0,17.1,344.0,388.0,198.0,63.0,83.0,44.0,658.0,127.0,88.0,74.0,2025-09-21 04:22:50,2025-09-21 10:52:51,16.366666666666667,10.866666666666667,2.0,84.0,20.0,11.3,0.0,0.0,1.0,1.0,0.0,0.0,0.0,1.0,0.0,0.0,0.0,6,1,45.0,64.0,66.0,,,,,86.0,87.0,87.0,,70.0,61.0,70.0,,17.5,14.7,15.5,,31.0,73.0,77.0,,15.4,60.0,12.375,1.5,7.0,Red
2025-09-22,7.0,75.0,75.0,34.92,97.75,10.0,2625.0,156.0,71.0,23.0,18.9,57.0,57.0,27.0,30.0,0.0,0.0,614.0,127.0,100.0,,2025-09-22 19:30:12,2025-09-22 20:30:42,7.5,20.5,1.0,47.0,7.7,7.7,0.0,0.0,0.0,1.0,0.0,0.0,0.0,0.0,0.0,0.0,0.0,0,0,65.0,45.0,64.0,66.0,,,,101.0,86.0,87.0,,65.0,70.0,61.0,,7.3,17.5,14.7,,63.0,31.0,73.0,,13.780000000000001,64.8,13.9,1.6,62.0,Yellow
2025-09-23,37.0,60.0,108.0,33.55,94.67,13.0,2256.0,157.0,82.0,39.0,17.3,214.0,234.0,101.0,69.0,44.0,20.0,558.0,127.0,91.0,65.0,2025-09-23 04:04:42,2025-09-23 08:03:04,16.066666666666666,8.05,2.0,78.0,12.4,7.7,0.0,1.0,1.0,1.0,0.0,0.0,0.0,0.0,0.0,0.0,0.0,1,0,62.0,7.0,65.0,45.0,64.0,66.0,,86.0,75.0,101.0,,61.0,75.0,65.0,,12.7,10.0,7.3,13.9,76.0,23.0,63.0,,13.085714285714285,64.14285714285714,12.799999999999999,1.5714285714285714,49.0,Yellow
2025-09-25,49.0,62.0,87.0,33.85,94.56,11.4,2523.0,149.0,77.0,74.0,17.4,331.0,368.0,140.0,71.0,120.0,25.0,514.0,15.0,89.0,59.0,2025-09-25 02:58:15,2025-09-25 09:20:17,14.966666666666667,9.333333333333334,1.0,29.0,5.7,5.7,0.0,1.0,1.0,1.0,0.0,0.0,0.0,0.0,0.0,0.0,0.0,3,0,37.0,62.0,7.0,65.0,45.0,64.0,66.0,108.0,86.0,75.0,87.0,60.0,61.0,75.0,70.0,13.0,12.7,10.0,15.5,39.0,76.0,23.0,77.0,12.957142857142856,69.57142857142857,13.114285714285714,1.7142857142857142,67.0,Green
2025-09-26,67.0,60.0,98.0,33.59,96.73,13.1,2872.0,178.0,77.0,78.0,17.0,484.0,513.0,244.0,66.0,174.0,29.0,610.0,117.0,94.0,56.0,2025-09-26 02:00:55,2025-09-26 10:41:29,14.0,10.683333333333334,2.0,67.0,14.3,8.8,0.0,0.0,1.0,1.0,0.0,0.0,0.0,0.0,0.0,0.0,0.0,4,0,49.0,37.0,62.0,7.0,65.0,45.0,64.0,87.0,108.0,86.0,87.0,62.0,60.0,61.0,61.0,11.4,13.0,12.7,14.7,74.0,39.0,76.0,73.0,12.37142857142857,64.42857142857143,10.842857142857143,1.4285714285714286,66.0,Yellow
2025-09-27,66.0,60.0,102.0,33.06,94.5,13.6,2936.0,178.0,77.0,80.0,17.3,462.0,514.0,162.0,126.0,174.0,52.0,582.0,81.0,89.0,66.0,2025-09-27 02:22:39,2025-09-27 11:04:34,14.366666666666667,11.066666666666666,1.0,10.0,7.0,7.0,1.0,0.0,1.0,1.0,0.0,0.0,0.0,0.0,0.0,0.0,0.0,5,1,67.0,49.0,37.0,62.0,7.0,65.0,45.0,98.0,87.0,108.0,86.0,60.0,62.0,60.0,70.0,13.1,11.4,13.0,17.5,78.0,74.0,39.0,31.0,12.142857142857142,61.714285714285715,11.614285714285714,1.5714285714285714,88.0,Green
2025-09-28,88.0,58.0,127.0,33.65,96.31,10.1,2539.0,180.0,71.0,80.0,16.8,392.0,426.0,152.0,125.0,115.0,34.0,580.0,76.0,92.0,75.0,2025-09-28 03:19:17,2025-09-28 10:27:18,15.316666666666666,10.45,0.0,0.0,0.0,0.0,0.0,0.0,0.0,1.0,0.0,0.0,0.0,0.0,0.0,0.0,0.0,6,1,66.0,67.0,49.0,37.0,62.0,7.0,65.0,102.0,98.0,87.0,101.0,60.0,60.0,62.0,65.0,13.6,13.1,11.4,7.3,80.0,78.0,74.0,63.0,11.585714285714287,56.142857142857146,11.357142857142858,1.5714285714285714,66.0,Yellow
2025-09-29,66.0,56.0,145.0,33.95,95.0,12.2,2510.0,167.0,78.0,60.0,17.0,306.0,321.0,129.0,102.0,75.0,15.0,609.0,120.0,95.0,72.0,2025-09-29 03:52:47,2025-09-29 09:14:48,15.866666666666667,9.233333333333333,1.0,49.0,7.7,7.7,0.0,1.0,0.0,1.0,0.0,0.0,0.0,0.0,0.0,0.0,0.0,0,0,88.0,66.0,67.0,49.0,37.0,62.0,7.0,127.0,102.0,98.0,75.0,58.0,60.0,60.0,75.0,10.1,13.6,13.1,10.0,80.0,80.0,78.0,23.0,11.985714285714284,44.142857142857146,8.5,1.2857142857142858,62.0,Yellow
2025-09-30,62.0,58.0,108.0,33.13,95.54,14.5,3207.0,158.0,82.0,78.0,16.6,402.0,431.0,196.0,67.0,139.0,29.0,623.0,127.0,93.0,75.0,2025-09-30 02:00:42,2025-09-30 09:14:43,14.0,9.233333333333333,2.0,35.0,10.5,5.3,0.0,0.0,0.0,1.0,0.0,0.0,0.0,0.0,1.0,0.0,0.0,1,0,66.0,88.0,66.0,67.0,49.0,37.0,62.0,145.0,127.0,102.0,86.0,56.0,58.0,60.0,61.0,12.2,10.1,13.6,12.7,60.0,80.0,80.0,76.0,12.299999999999999,44.42857142857143,8.5,1.2857142857142858,40.0,Yellow
2025-10-01,40.0,67.0,91.0,34.16,95.5,10.2,2372.0,148.0,76.0,76.0,16.9,429.0,456.0,188.0,113.0,128.0,27.0,636.0,127.0,93.0,78.0,2025-10-01 02:58:44,2025-10-01 10:36:45,14.966666666666667,10.6,1.0,17.0,4.2,4.2,0.0,0.0,1.0,1.0,0.0,0.0,0.0,1.0,0.0,0.0,0.0,2,0,62.0,66.0,88.0,66.0,67.0,49.0,37.0,108.0,145.0,127.0,108.0,58.0,56.0,58.0,60.0,14.5,12.2,10.1,13.0,78.0,60.0,80.0,39.0,12.557142857142859,38.285714285714285,8.22857142857143,1.2857142857142858,65.0,Yellow
2025-10-02,65.0,60.0,111.0,32.46,96.29,15.3,3524.0,162.0,80.0,80.0,16.5,440.0,475.0,206.0,109.0,125.0,35.0,616.0,127.0,92.0,72.0,2025-10-02 01:19:46,2025-10-02 09:23:49,13.316666666666666,9.383333333333333,3.0,99.0,19.6,7.2,0.0,1.0,0.0,1.0,0.0,0.0,0.0,0.0,1.0,0.0,0.0,3,0,40.0,62.0,66.0,88.0,66.0,67.0,49.0,91.0,108.0,145.0,87.0,67.0,58.0,56.0,62.0,10.2,14.5,12.2,11.4,76.0,78.0,60.0,74.0,12.157142857142858,29.571428571428573,7.057142857142858,1.1428571428571428,43.0,Yellow
2025-10-03,43.0,64.0,94.0,33.53,96.86,13.0,2748.0,155.0,78.0,78.0,16.7,436.0,492.0,173.0,113.0,150.0,56.0,627.0,112.0,88.0,64.0,2025-10-03 03:23:49,2025-10-03 11:41:34,15.383333333333333,11.683333333333334,3.0,83.0,19.0,7.5,0.0,1.0,1.0,1.0,0.0,0.0,0.0,0.0,0.0,0.0,0.0,4,0,65.0,40.0,62.0,66.0,88.0,66.0,67.0,111.0,91.0,108.0,98.0,60.0,67.0,58.0,60.0,15.3,10.2,14.5,13.1,80.0,76.0,78.0,78.0,12.714285714285714,39.57142857142857,9.042857142857143,1.4285714285714286,37.0,Yellow
2025-10-04,37.0,62.0,98.0,33.22,96.13,12.5,2716.0,158.0,78.0,51.0,16.9,314.0,388.0,117.0,73.0,124.0,74.0,623.0,122.0,80.0,68.0,2025-10-04 02:28:51,2025-10-04 09:06:01,14.466666666666667,9.1,0.0,0.0,0.0,0.0,0.0,0.0,1.0,1.0,0.0,0.0,0.0,0.0,0.0,0.0,0.0,5,1,43.0,65.0,40.0,62.0,66.0,88.0,66.0,94.0,111.0,91.0,102.0,64.0,60.0,67.0,60.0,13.0,15.3,10.2,13.6,78.0,80.0,76.0,80.0,12.700000000000001,41.857142857142854,9.714285714285714,1.5714285714285714,40.0,Yellow
2025-10-05,40.0,61.0,85.0,33.3,95.86,6.2,2177.0,136.0,72.0,82.0,17.1,471.0,512.0,238.0,102.0,131.0,41.0,625.0,127.0,92.0,75.0,2025-10-05 01:55:52,2025-10-05 10:41:06,13.916666666666666,10.683333333333334,0.0,0.0,0.0,0.0,0.0,0.0,0.0,1.0,0.0,0.0,0.0,0.0,0.0,0.0,1.0,6,1,37.0,43.0,65.0,40.0,62.0,66.0,88.0,98.0,94.0,111.0,127.0,62.0,64.0,60.0,58.0,12.5,13.0,15.3,10.1,51.0,78.0,80.0,80.0,12.542857142857143,40.42857142857143,8.714285714285714,1.4285714285714286,51.0,Yellow
2025-10-06,51.0,60.0,89.0,34.11,95.66,9.2,2563.0,154.0,71.0,80.0,17.5,464.0,534.0,207.0,104.0,153.0,70.0,578.0,98.0,86.0,75.0,2025-10-06 01:13:21,2025-10-06 10:11:42,13.216666666666667,10.183333333333334,0.0,0.0,0.0,0.0,0.0,0.0,0.0,1.0,0.0,0.0,0.0,0.0,0.0,0.0,1.0,0,0,40.0,37.0,43.0,65.0,40.0,62.0,66.0,85.0,98.0,94.0,145.0,61.0,62.0,64.0,56.0,6.2,12.5,13.0,12.2,82.0,51.0,78.0,60.0,11.985714285714286,40.42857142857143,8.714285714285714,1.4285714285714286,77.0,Green
2025-10-07,77.0,57.0,113.0,33.78,97.29,12.9,2843.0,162.0,73.0,79.0,16.8,371.0,412.0,134.0,113.0,124.0,41.0,559.0,73.0,90.0,79.0,2025-10-07 02:38:24,2025-10-07 09:39:16,14.633333333333333,9.65,2.0,53.0,16.0,8.1,0.0,0.0,0.0,1.0,0.0,0.0,0.0,0.0,0.0,0.0,1.0,1,0,51.0,40.0,37.0,43.0,65.0,40.0,62.0,89.0,85.0,98.0,108.0,60.0,61.0,62.0,58.0,9.2,6.2,12.5,14.5,80.0,82.0,51.0,78.0,11.557142857142859,33.42857142857143,7.614285714285714,1.2857142857142858,49.0,Yellow
2025-10-08,49.0,59.0,98.0,33.41,97.56,10.4,2336.0,162.0,76.0,67.0,16.6,337.0,361.0,127.0,104.0,106.0,24.0,620.0,120.0,93.0,76.0,2025-10-08 03:42:47,2025-10-08 09:47:58,15.7,9.783333333333333,2.0,33.0,9.1,4.8,0.0,0.0,1.0,1.0,0.0,0.0,0.0,0.0,0.0,0.0,1.0,2,0,77.0,51.0,40.0,37.0,43.0,65.0,40.0,113.0,89.0,85.0,91.0,57.0,60.0,61.0,67.0,12.9,9.2,6.2,10.2,79.0,80.0,82.0,76.0,11.328571428571427,36.0,8.4,1.2857142857142858,46.0,Yellow
2025-10-09,46.0,61.0,92.0,32.8,95.19,13.9,3106.0,156.0,80.0,80.0,16.8,411.0,431.0,164.0,126.0,121.0,20.0,616.0,127.0,95.0,78.0,2025-10-09 01:49:34,2025-10-09 09:00:39,13.816666666666666,9.0,1.0,17.0,4.5,4.5,0.0,0.0,0.0,1.0,0.0,0.0,0.0,0.0,0.0,0.0,1.0,3,0,49.0,77.0,51.0,40.0,37.0,43.0,65.0,98.0,113.0,89.0,111.0,59.0,57.0,60.0,60.0,10.4,12.9,9.2,15.3,67.0,79.0,80.0,80.0,11.357142857142858,38.285714285714285,9.1,1.4285714285714286,27.0,Red
2025-10-10,27.0,62.0,76.0,32.79,96.64,13.7,3224.0,161.0,79.0,73.0,16.7,366.0,376.0,142.0,102.0,122.0,10.0,633.0,127.0,97.0,80.0,2025-10-10 03:37:35,2025-10-10 09:59:06,15.616666666666667,9.983333333333333,3.0,205.0,22.3,11.6,0.0,0.0,1.0,1.0,0.0,0.0,0.0,0.0,0.0,0.0,1.0,4,0,46.0,49.0,77.0,51.0,40.0,37.0,43.0,92.0,98.0,113.0,94.0,61.0,59.0,57.0,64.0,13.9,10.4,12.9,13.0,80.0,67.0,79.0,78.0,11.157142857142857,26.571428571428573,6.942857142857142,1.1428571428571428,15.0,Red
2025-10-11,15.0,82.0,63.0,33.79,92.5,13.0,2492.0,164.0,85.0,24.0,18.3,317.0,363.0,64.0,140.0,113.0,46.0,632.0,127.0,87.0,41.0,2025-10-11 06:18:28,2025-10-11 12:21:29,18.3,12.35,1.0,55.0,10.3,10.3,0.0,0.0,0.0,1.0,0.0,0.0,0.0,1.0,0.0,0.0,1.0,5,1,27.0,46.0,49.0,77.0,51.0,40.0,37.0,76.0,92.0,98.0,98.0,62.0,61.0,59.0,62.0,13.7,13.9,10.4,12.5,73.0,80.0,67.0,51.0,11.257142857142856,44.0,7.4142857142857155,1.1428571428571428,70.0,Green
2025-10-12,70.0,59.0,110.0,33.06,97.53,17.9,3883.0,175.0,84.0,71.0,17.1,390.0,438.0,171.0,107.0,112.0,48.0,628.0,127.0,89.0,56.0,2025-10-12 03:06:58,2025-10-12 10:31:49,15.1,10.516666666666667,2.0,198.0,21.799999999999997,15.7,0.0,0.0,1.0,1.0,0.0,0.0,0.0,0.0,0.0,0.0,1.0,6,1,15.0,27.0,46.0,49.0,77.0,51.0,40.0,63.0,76.0,92.0,85.0,82.0,62.0,61.0,61.0,13.0,13.7,13.9,6.2,24.0,73.0,80.0,82.0,11.328571428571427,51.857142857142854,8.885714285714286,1.2857142857142858,7.0,Red
2025-10-13,7.0,68.0,97.0,34.82,94.0,7.9,2475.0,150.0,75.0,22.0,17.5,80.0,81.0,47.0,29.0,4.0,1.0,607.0,127.0,99.0,,2025-10-13 13:00:00,2025-10-13 14:21:00,1.0,14.35,0.0,0.0,0.0,0.0,0.0,0.0,1.0,1.0,0.0,0.0,0.0,1.0,0.0,0.0,1.0,0,0,70.0,15.0,27.0,46.0,49.0,77.0,51.0,110.0,63.0,76.0,89.0,59.0,82.0,62.0,60.0,17.9,13.0,13.7,9.2,71.0,24.0,73.0,80.0,13.0,80.14285714285714,12.0,1.5714285714285714,93.0,Green
2025-10-14,93.0,54.0,145.0,33.15,95.0,12.8,2547.0,159.0,73.0,77.0,16.7,394.0,413.0,151.0,116.0,127.0,19.0,529.0,127.0,95.0,55.0,2025-10-14 03:45:47,2025-10-14 10:45:26,15.75,10.75,2.0,32.0,12.0,6.7,1.0,0.0,0.0,1.0,0.0,0.0,0.0,0.0,0.0,0.0,1.0,1,0,7.0,70.0,15.0,27.0,46.0,49.0,77.0,97.0,110.0,63.0,113.0,68.0,59.0,82.0,57.0,7.9,17.9,13.0,12.9,22.0,71.0,24.0,79.0,12.814285714285715,80.14285714285714,12.0,1.5714285714285714,64.0,Yellow
2025-10-15,64.0,58.0,106.0,33.05,93.67,12.6,2855.0,163.0,75.0,66.0,16.6,439.0,574.0,265.0,87.0,87.0,135.0,586.0,87.0,76.0,56.0,2025-10-15 01:04:35,2025-10-15 10:45:10,13.066666666666666,10.75,0.0,0.0,0.0,0.0,0.0,0.0,0.0,1.0,0.0,0.0,0.0,0.0,0.0,0.0,1.0,2,0,93.0,7.0,70.0,15.0,27.0,46.0,49.0,145.0,97.0,110.0,98.0,54.0,68.0,59.0,59.0,12.8,7.9,17.9,10.4,77.0,22.0,71.0,67.0,12.799999999999999,77.14285714285714,11.428571428571429,1.5714285714285714,1.0,Red
2025-10-16,1.0,74.0,46.0,33.97,,7.1,2322.0,141.0,74.0,18.0,18.6,65.0,70.0,53.0,7.0,5.0,5.0,607.0,127.0,93.0,,2025-10-16 17:10:00,2025-10-16 18:20:00,5.166666666666668,18.333333333333332,0.0,0.0,0.0,0.0,0.0,0.0,0.0,1.0,0.0,0.0,0.0,0.0,0.0,0.0,1.0,3,0,64.0,93.0,7.0,70.0,15.0,27.0,46.0,106.0,145.0,97.0,92.0,58.0,54.0,68.0,61.0,12.6,12.8,7.9,13.9,66.0,77.0,22.0,80.0,13.114285714285714,72.42857142857143,10.12857142857143,1.2857142857142858,48.0,Yellow
2025-10-17,48.0,62.0,92.0,34.04,93.94,5.4,1982.0,140.0,71.0,77.0,17.3,390.0,426.0,142.0,98.0,150.0,36.0,543.0,127.0,91.0,57.0,2025-10-17 03:24:10,2025-10-17 10:34:18,15.4,10.566666666666666,1.0,16.0,4.5,4.5,0.0,0.0,0.0,1.0,0.0,0.0,0.0,0.0,0.0,0.0,1.0,4,0,1.0,64.0,93.0,7.0,70.0,15.0,27.0,46.0,106.0,145.0,76.0,74.0,58.0,54.0,62.0,7.1,12.6,12.8,13.7,18.0,66.0,77.0,73.0,12.142857142857142,70.0,9.485714285714286,1.1428571428571428,47.0,Yellow
2025-10-18,47.0,64.0,94.0,33.13,95.64,16.7,3654.0,178.0,85.0,69.0,18.2,359.0,381.0,149.0,101.0,109.0,22.0,577.0,98.0,94.0,56.0,2025-10-18 01:18:10,2025-10-18 07:40:01,13.3,7.666666666666667,1.0,61.0,11.1,11.1,0.0,0.0,1.0,1.0,0.0,0.0,0.0,0.0,0.0,0.0,1.0,5,1,48.0,1.0,64.0,93.0,7.0,70.0,15.0,92.0,46.0,106.0,63.0,62.0,74.0,58.0,82.0,5.4,7.1,12.6,13.0,77.0,18.0,66.0,24.0,10.957142857142857,43.0,6.942857142857143,0.8571428571428571,28.0,Red
2025-10-19,28.0,78.0,68.0,33.3,96.06,12.4,2728.0,157.0,81.0,67.0,17.8,488.0,530.0,193.0,101.0,194.0,42.0,652.0,127.0,92.0,61.0,2025-10-19 02:21:47,2025-10-19 11:11:57,14.35,11.183333333333334,1.0,35.0,5.7,5.7,0.0,0.0,1.0,1.0,0.0,0.0,0.0,1.0,0.0,0.0,1.0,6,1,47.0,48.0,1.0,64.0,93.0,7.0,70.0,94.0,92.0,46.0,110.0,64.0,62.0,74.0,59.0,16.7,5.4,7.1,17.9,69.0,77.0,18.0,71.0,11.485714285714286,43.857142857142854,7.057142857142857,0.8571428571428571,74.0,Green
2025-10-20,74.0,59.0,118.0,33.58,95.5,8.5,2361.0,151.0,72.0,81.0,16.9,441.0,474.0,216.0,72.0,153.0,33.0,602.0,105.0,93.0,73.0,2025-10-20 02:06:50,2025-10-20 10:01:03,14.1,10.016666666666667,2.0,41.0,9.7,5.2,0.0,0.0,1.0,1.0,0.0,0.0,0.0,0.0,0.0,0.0,1.0,0,0,28.0,47.0,48.0,1.0,64.0,93.0,7.0,68.0,94.0,92.0,97.0,78.0,64.0,62.0,68.0,12.4,16.7,5.4,7.9,67.0,69.0,77.0,22.0,10.700000000000001,20.571428571428573,4.757142857142858,0.7142857142857143,56.0,Yellow
2025-10-21,56.0,62.0,97.0,33.1,94.93,13.7,2931.0,178.0,80.0,82.0,16.9,414.0,463.0,155.0,142.0,117.0,49.0,587.0,103.0,89.0,81.0,2025-10-21 01:59:24,2025-10-21 09:43:15,13.983333333333334,9.716666666666667,1.0,14.0,6.8,6.8,1.0,0.0,0.0,1.0,0.0,0.0,0.0,0.0,0.0,0.0,1.0,1,0,74.0,28.0,47.0,48.0,1.0,64.0,93.0,118.0,68.0,94.0,145.0,59.0,78.0,64.0,54.0,8.5,12.4,16.7,12.8,81.0,67.0,69.0,77.0,10.785714285714286,26.428571428571427,6.142857142857143,1.0,49.0,Yellow
2025-10-22,49.0,64.0,100.0,33.04,95.8,17.9,4160.0,171.0,87.0,60.0,16.9,334.0,449.0,153.0,32.0,149.0,115.0,615.0,111.0,74.0,89.0,2025-10-22 02:10:04,2025-10-22 09:39:09,14.166666666666666,9.65,1.0,157.0,14.7,14.7,0.0,0.0,0.0,1.0,0.0,0.0,0.0,1.0,0.0,0.0,1.0,2,0,56.0,74.0,28.0,47.0,48.0,1.0,64.0,97.0,118.0,68.0,106.0,62.0,59.0,78.0,58.0,13.7,8.5,12.4,12.6,82.0,81.0,67.0,66.0,10.914285714285713,23.857142857142858,5.4,0.8571428571428571,7.0,Red
2025-10-23,7.0,85.0,23.0,33.77,93.39,13.3,2714.0,158.0,89.0,32.0,18.2,335.0,399.0,98.0,94.0,143.0,64.0,660.0,127.0,84.0,86.0,2025-10-23 02:52:36,2025-10-23 09:32:28,14.866666666666667,9.533333333333333,1.0,49.0,6.5,6.5,0.0,0.0,0.0,1.0,0.0,0.0,0.0,1.0,0.0,0.0,1.0,3,0,49.0,56.0,74.0,28.0,47.0,48.0,1.0,100.0,97.0,118.0,46.0,64.0,62.0,59.0,74.0,17.9,13.7,8.5,7.1,60.0,82.0,81.0,18.0,11.671428571428573,46.285714285714285,7.5,1.0,30.0,Red
2025-10-24,30.0,73.0,59.0,33.85,93.67,5.5,2497.0,144.0,72.0,75.0,17.7,515.0,557.0,239.0,84.0,192.0,42.0,629.0,127.0,92.0,75.0,2025-10-24 01:10:07,2025-10-24 10:27:18,13.166666666666666,10.45,0.0,0.0,0.0,0.0,0.0,0.0,1.0,0.0,0.0,0.0,0.0,1.0,0.0,0.0,1.0,4,0,7.0,49.0,56.0,74.0,28.0,47.0,48.0,23.0,100.0,97.0,92.0,85.0,64.0,62.0,62.0,13.3,17.9,13.7,5.4,32.0,60.0,82.0,77.0,12.557142857142855,53.285714285714285,8.428571428571429,1.1428571428571428,25.0,Red
2025-10-25,25.0,57.0,108.0,33.58,89.5,9.0,2213.0,149.0,75.0,34.0,17.2,187.0,193.0,60.0,88.0,39.0,6.0,552.0,73.0,96.0,62.0,2025-10-25 04:36:04,2025-10-25 07:49:55,16.6,7.816666666666666,0.0,0.0,0.0,0.0,0.0,0.0,1.0,1.0,0.0,0.0,0.0,0.0,0.0,0.0,1.0,5,1,30.0,7.0,49.0,56.0,74.0,28.0,47.0,59.0,23.0,100.0,94.0,73.0,85.0,64.0,64.0,5.5,13.3,17.9,16.7,75.0,32.0,60.0,69.0,12.571428571428571,51.0,7.785714285714286,1.0,62.0,Yellow
2025-10-26,62.0,59.0,101.0,32.79,96.33,6.9,2195.0,143.0,70.0,80.0,16.8,425.0,448.0,200.0,98.0,127.0,23.0,612.0,127.0,94.0,71.0,2025-10-26 02:25:35,2025-10-26 09:53:59,14.416666666666666,9.883333333333333,0.0,0.0,0.0,0.0,0.0,0.0,0.0,1.0,0.0,0.0,0.0,0.0,0.0,0.0,1.0,6,1,25.0,30.0,7.0,49.0,56.0,74.0,28.0,108.0,59.0,23.0,68.0,57.0,73.0,85.0,78.0,9.0,5.5,13.3,12.4,34.0,75.0,32.0,67.0,11.471428571428572,42.285714285714285,6.200000000000001,0.8571428571428571,54.0,Yellow
2025-10-27,54.0,60.0,91.0,33.46,96.0,8.9,2478.0,159.0,74.0,80.0,16.8,425.0,442.0,200.0,122.0,103.0,17.0,601.0,120.0,96.0,71.0,2025-10-27 01:31:10,2025-10-27 08:53:45,13.516666666666666,8.883333333333333,1.0,20.0,4.9,4.9,0.0,0.0,0.0,1.0,0.0,0.0,0.0,0.0,0.0,0.0,1.0,0,0,62.0,25.0,30.0,7.0,49.0,56.0,74.0,101.0,108.0,59.0,118.0,59.0,57.0,73.0,59.0,6.9,9.0,5.5,8.5,80.0,34.0,75.0,81.0,10.685714285714285,37.285714285714285,5.385714285714286,0.7142857142857143,52.0,Yellow
2025-10-28,52.0,60.0,90.0,34.05,94.39,14.9,3145.0,168.0,82.0,79.0,17.1,385.0,410.0,120.0,112.0,153.0,25.0,597.0,112.0,94.0,79.0,2025-10-28 02:25:15,2025-10-28 09:15:30,14.416666666666666,9.25,2.0,59.0,12.4,7.2,0.0,0.0,0.0,1.0,0.0,0.0,0.0,0.0,0.0,0.0,1.0,1,0,54.0,62.0,25.0,30.0,7.0,49.0,56.0,91.0,101.0,108.0,97.0,60.0,59.0,57.0,62.0,8.9,6.9,9.0,13.7,80.0,80.0,34.0,82.0,10.742857142857142,34.285714285714285,4.700000000000001,0.5714285714285714,36.0,Yellow
2025-10-29,36.0,68.0,70.0,34.32,95.84,11.9,2649.0,149.0,83.0,82.0,17.2,450.0,466.0,191.0,86.0,173.0,16.0,639.0,127.0,96.0,83.0,2025-10-29 02:05:19,2025-10-29 09:51:59,14.083333333333334,9.85,1.0,19.0,4.8,4.8,0.0,0.0,1.0,1.0,0.0,0.0,0.0,0.0,0.0,0.0,1.0,2,0,52.0,54.0,62.0,25.0,30.0,7.0,49.0,90.0,91.0,101.0,100.0,60.0,60.0,59.0,64.0,14.9,8.9,6.9,17.9,79.0,80.0,80.0,60.0,10.914285714285715,40.714285714285715,5.5,0.7142857142857143,26.0,Red
2025-10-30,26.0,82.0,58.0,34.42,95.17,14.8,3261.0,166.0,90.0,46.0,18.1,441.0,515.0,87.0,171.0,183.0,74.0,616.0,121.0,86.0,78.0,2025-10-30 02:25:24,2025-10-30 11:01:10,14.416666666666666,11.016666666666667,0.0,0.0,0.0,0.0,0.0,0.0,0.0,1.0,0.0,0.0,0.0,1.0,0.0,0.0,1.0,3,0,36.0,52.0,54.0,62.0,25.0,30.0,7.0,70.0,90.0,91.0,23.0,68.0,60.0,60.0,85.0,11.9,14.9,8.9,13.3,82.0,79.0,80.0,32.0,10.057142857142859,21.0,4.085714285714286,0.7142857142857143,39.0,Yellow
2025-10-31,39.0,76.0,69.0,33.31,95.89,18.8,4299.0,191.0,89.0,71.0,17.7,457.0,515.0,195.0,117.0,145.0,58.0,597.0,87.0,88.0,61.0,2025-10-31 03:39:55,2025-10-31 12:15:39,15.65,12.25,2.0,90.0,19.9,14.6,0.0,0.0,1.0,1.0,0.0,0.0,0.0,1.0,0.0,0.0,1.0,4,0,26.0,36.0,52.0,54.0,62.0,25.0,30.0,58.0,70.0,90.0,59.0,82.0,68.0,60.0,73.0,14.8,11.9,14.9,5.5,46.0,82.0,79.0,75.0,10.271428571428572,14.0,3.157142857142858,0.5714285714285714,1.0,Red
2025-11-01,1.0,81.0,31.0,33.95,95.2,15.8,3220.0,169.0,90.0,13.0,18.9,146.0,150.0,71.0,51.0,24.0,4.0,629.0,90.0,97.0,67.0,2025-11-01 03:39:58,2025-11-01 06:10:15,15.65,6.166666666666667,2.0,122.0,21.299999999999997,11.2,0.0,0.0,0.0,1.0,0.0,0.0,0.0,1.0,0.0,0.0,1.0,5,1,39.0,26.0,36.0,52.0,54.0,62.0,25.0,69.0,58.0,70.0,108.0,76.0,82.0,68.0,57.0,18.8,14.8,11.9,9.0,71.0,46.0,82.0,34.0,12.171428571428573,26.857142857142858,6.0,0.8571428571428571,59.0,Yellow
2025-11-02,59.0,73.0,79.0,34.21,95.68,5.2,2302.0,141.0,72.0,73.0,17.6,544.0,581.0,278.0,93.0,173.0,37.0,645.0,127.0,93.0,54.0,2025-11-02 00:25:58,2025-11-02 10:07:56,12.416666666666666,10.116666666666667,0.0,0.0,0.0,0.0,0.0,0.0,0.0,1.0,0.0,0.0,0.0,1.0,0.0,0.0,1.0,6,1,1.0,39.0,26.0,36.0,52.0,54.0,62.0,31.0,69.0,58.0,101.0,81.0,76.0,82.0,59.0,15.8,18.8,14.8,6.9,13.0,71.0,46.0,80.0,13.142857142857142,44.285714285714285,9.042857142857143,1.1428571428571428,80.0,Green
2025-11-03,80.0,61.0,97.0,34.01,96.5,7.3,2370.0,145.0,70.0,82.0,17.2,513.0,559.0,238.0,103.0,172.0,46.0,543.0,64.0,91.0,62.0,2025-11-03 01:57:20,2025-11-03 11:16:22,13.95,11.266666666666667,1.0,31.0,4.9,4.9,0.0,0.0,0.0,1.0,0.0,0.0,0.0,0.0,0.0,0.0,1.0,0,0,59.0,1.0,39.0,26.0,36.0,52.0,54.0,79.0,31.0,69.0,91.0,73.0,81.0,76.0,60.0,5.2,15.8,18.8,8.9,73.0,13.0,71.0,80.0,12.9,44.285714285714285,9.042857142857143,1.1428571428571428,80.0,Green
2025-11-04,80.0,59.0,96.0,33.9,94.88,8.0,2281.0,148.0,73.0,78.0,17.2,349.0,368.0,158.0,97.0,94.0,19.0,500.0,19.0,94.0,63.0,2025-11-04 02:55:17,2025-11-04 09:03:33,14.916666666666666,9.05,2.0,40.0,9.600000000000001,4.9,0.0,0.0,0.0,1.0,0.0,0.0,0.0,0.0,0.0,0.0,1.0,1,0,80.0,59.0,1.0,39.0,26.0,36.0,52.0,97.0,79.0,31.0,90.0,61.0,73.0,81.0,60.0,7.3,5.2,15.8,14.9,82.0,73.0,13.0,79.0,12.671428571428574,45.857142857142854,9.042857142857143,1.1428571428571428,58.0,Yellow
2025-11-05,58.0,60.0,86.0,33.55,95.8,11.7,2628.0,167.0,79.0,67.0,17.0,320.0,350.0,98.0,123.0,99.0,30.0,579.0,96.0,91.0,71.0,2025-11-05 02:26:43,2025-11-05 08:17:10,14.433333333333334,8.283333333333333,0.0,0.0,0.0,0.0,0.0,0.0,0.0,1.0,0.0,0.0,0.0,0.0,0.0,0.0,1.0,2,0,80.0,80.0,59.0,1.0,39.0,26.0,36.0,96.0,97.0,79.0,70.0,59.0,61.0,73.0,68.0,8.0,7.3,5.2,11.9,78.0,82.0,73.0,82.0,11.685714285714287,43.142857142857146,8.642857142857144,1.1428571428571428,46.0,Yellow
2025-11-06,46.0,67.0,73.0,33.97,94.54,12.6,2883.0,155.0,83.0,77.0,17.2,388.0,419.0,141.0,125.0,122.0,31.0,621.0,127.0,92.0,77.0,2025-11-06 03:00:19,2025-11-06 09:59:51,15.0,9.983333333333333,1.0,23.0,5.2,5.2,0.0,0.0,0.0,1.0,0.0,0.0,0.0,1.0,0.0,0.0,1.0,3,0,58.0,80.0,80.0,59.0,1.0,39.0,26.0,86.0,96.0,97.0,58.0,60.0,59.0,61.0,82.0,11.7,8.0,7.3,14.8,67.0,78.0,82.0,46.0,11.657142857142857,40.42857142857143,7.957142857142857,1.0,49.0,Yellow
2025-11-07,49.0,64.0,80.0,34.37,95.32,14.0,2865.0,166.0,84.0,67.0,16.7,362.0,384.0,118.0,106.0,138.0,22.0,625.0,127.0,94.0,56.0,2025-11-07 03:49:06,2025-11-07 10:13:36,15.816666666666666,10.216666666666667,3.0,62.0,15.3,5.9,0.0,0.0,0.0,0.0,0.0,0.0,0.0,0.0,0.0,0.0,1.0,4,0,46.0,58.0,80.0,80.0,59.0,1.0,39.0,73.0,86.0,96.0,69.0,67.0,60.0,59.0,76.0,12.6,11.7,8.0,18.8,77.0,67.0,78.0,71.0,11.342857142857143,43.714285714285715,8.7,1.1428571428571428,52.0,Yellow
2025-11-08,52.0,65.0,82.0,33.34,94.67,13.0,2885.0,166.0,82.0,77.0,17.0,399.0,435.0,169.0,104.0,126.0,36.0,633.0,127.0,91.0,78.0,2025-11-08 02:02:14,2025-11-08 09:17:42,14.033333333333333,9.283333333333333,0.0,0.0,0.0,0.0,0.0,0.0,0.0,1.0,0.0,0.0,0.0,1.0,0.0,0.0,1.0,5,1,49.0,46.0,58.0,80.0,80.0,59.0,1.0,80.0,73.0,86.0,31.0,64.0,67.0,60.0,81.0,14.0,12.6,11.7,15.8,67.0,77.0,67.0,13.0,10.657142857142858,39.714285714285715,8.042857142857143,1.2857142857142858,37.0,Yellow
2025-11-09,37.0,81.0,68.0,33.07,92.0,12.3,2595.0,167.0,87.0,62.0,17.7,449.0,511.0,174.0,127.0,148.0,62.0,628.0,127.0,87.0,62.0,2025-11-09 03:09:07,2025-11-09 11:40:16,15.15,11.666666666666666,0.0,0.0,0.0,0.0,0.0,0.0,0.0,0.0,0.0,0.0,0.0,1.0,0.0,0.0,0.0,6,1,52.0,49.0,46.0,58.0,80.0,80.0,59.0,82.0,80.0,73.0,79.0,65.0,64.0,67.0,73.0,13.0,14.0,12.6,5.2,77.0,67.0,77.0,73.0,10.257142857142856,22.285714285714285,5.000000000000001,1.0,74.0,Green
2025-11-10,74.0,67.0,94.0,35.53,95.14,8.4,2273.0,147.0,78.0,78.0,17.0,386.0,408.0,181.0,90.0,115.0,22.0,585.0,89.0,94.0,75.0,2025-11-10 02:38:11,2025-11-10 09:26:23,14.633333333333333,9.433333333333334,1.0,26.0,5.0,5.0,0.0,0.0,0.0,1.0,0.0,0.0,0.0,0.0,0.0,0.0,1.0,0,0,37.0,52.0,49.0,46.0,58.0,80.0,80.0,68.0,82.0,80.0,97.0,81.0,65.0,64.0,61.0,12.3,13.0,14.0,7.3,62.0,77.0,67.0,82.0,11.27142857142857,22.285714285714285,5.000000000000001,1.0,67.0,Green
2025-11-11,67.0,64.0,89.0,34.42,95.13,7.9,2280.0,152.0,76.0,75.0,17.0,377.0,405.0,171.0,96.0,110.0,28.0,611.0,127.0,92.0,75.0,2025-11-11 03:04:08,2025-11-11 09:49:50,15.066666666666666,9.816666666666666,0.0,0.0,0.0,0.0,0.0,0.0,0.0,0.0,0.0,0.0,0.0,0.0,0.0,0.0,0.0,1,0,74.0,37.0,52.0,49.0,46.0,58.0,80.0,94.0,68.0,82.0,96.0,67.0,81.0,65.0,59.0,8.4,12.3,13.0,8.0,78.0,62.0,77.0,78.0,11.428571428571429,21.571428571428573,5.014285714285715,1.0,86.0,Green
2025-11-12,86.0,60.0,103.0,34.54,94.06,10.5,2453.0,179.0,75.0,82.0,16.8,427.0,459.0,181.0,89.0,157.0,32.0,610.0,127.0,92.0,78.0,2025-11-12 02:31:08,2025-11-12 10:11:06,14.516666666666666,10.183333333333334,3.0,31.0,14.7,6.0,1.0,1.0,0.0,1.0,0.0,0.0,0.0,0.0,0.0,0.0,1.0,2,0,67.0,74.0,37.0,52.0,49.0,46.0,58.0,89.0,94.0,68.0,86.0,64.0,67.0,81.0,60.0,7.9,8.4,12.3,11.7,75.0,78.0,62.0,67.0,11.414285714285715,15.857142857142858,3.6428571428571437,0.7142857142857143,82.0,Green
2025-11-13,82.0,60.0,100.0,34.41,94.47,13.7,2946.0,181.0,80.0,83.0,16.6,442.0,456.0,234.0,83.0,125.0,14.0,606.0,117.0,96.0,82.0,2025-11-13 02:16:43,2025-11-13 09:53:25,14.266666666666666,9.883333333333333,3.0,63.0,17.6,6.5,1.0,1.0,0.0,1.0,0.0,0.0,0.0,0.0,0.0,0.0,1.0,3,0,86.0,67.0,74.0,37.0,52.0,49.0,46.0,103.0,89.0,94.0,73.0,60.0,64.0,67.0,67.0,10.5,7.9,8.4,12.6,82.0,75.0,78.0,77.0,11.242857142857144,20.285714285714285,5.742857142857143,1.1428571428571428,54.0,Yellow
2025-11-14,54.0,68.0,83.0,34.09,94.88,11.4,2532.0,151.0,77.0,81.0,16.9,411.0,461.0,167.0,96.0,148.0,50.0,609.0,105.0,89.0,85.0,2025-11-14 02:52:19,2025-11-14 10:33:26,14.866666666666667,10.55,1.0,70.0,7.3,7.3,0.0,0.0,1.0,1.0,0.0,0.0,0.0,0.0,0.0,0.0,1.0,4,0,82.0,86.0,67.0,74.0,37.0,52.0,49.0,100.0,103.0,89.0,80.0,60.0,60.0,64.0,64.0,13.7,10.5,7.9,14.0,83.0,82.0,75.0,67.0,11.4,26.0,7.514285714285715,1.4285714285714286,93.0,Green
2025-11-15,93.0,58.0,115.0,34.15,96.08,12.2,2869.0,163.0,75.0,86.0,16.7,462.0,516.0,217.0,100.0,145.0,54.0,619.0,127.0,89.0,87.0,2025-11-15 01:58:52,2025-11-15 10:35:25,13.966666666666667,10.583333333333334,3.0,47.0,13.8,4.8,0.0,0.0,1.0,1.0,0.0,0.0,0.0,0.0,0.0,0.0,1.0,5,1,54.0,82.0,86.0,67.0,74.0,37.0,52.0,83.0,100.0,103.0,82.0,68.0,60.0,60.0,65.0,11.4,13.7,10.5,13.0,81.0,83.0,82.0,77.0,11.028571428571428,27.142857142857142,6.371428571428573,1.1428571428571428,59.0,Yellow
2025-11-16,59.0,62.0,90.0,33.82,96.36,10.7,2280.0,164.0,74.0,68.0,17.3,421.0,516.0,188.0,109.0,124.0,95.0,596.0,100.0,81.0,51.0,2025-11-16 04:24:54,2025-11-16 13:01:50,16.4,13.016666666666667,1.0,38.0,8.0,8.0,0.0,0.0,1.0,1.0,0.0,0.0,0.0,0.0,0.0,0.0,1.0,6,1,93.0,54.0,82.0,86.0,67.0,74.0,37.0,115.0,83.0,100.0,68.0,58.0,68.0,60.0,81.0,12.2,11.4,13.7,12.3,86.0,81.0,83.0,62.0,10.914285714285715,33.857142857142854,8.342857142857143,1.5714285714285714,95.0,Green
2025-11-17,95.0,57.0,121.0,33.34,95.69,10.6,2637.0,145.0,75.0,79.0,17.0,476.0,509.0,236.0,103.0,137.0,33.0,577.0,87.0,93.0,56.0,2025-11-17 01:39:26,2025-11-17 10:08:48,13.65,10.133333333333333,1.0,25.0,4.9,4.9,0.0,0.0,1.0,1.0,0.0,0.0,0.0,0.0,0.0,0.0,1.0,0,0,59.0,93.0,54.0,82.0,86.0,67.0,74.0,90.0,115.0,83.0,94.0,62.0,58.0,68.0,67.0,10.7,12.2,11.4,8.4,68.0,86.0,81.0,78.0,10.685714285714287,39.285714285714285,9.485714285714286,1.7142857142857142,59.0,Yellow
2025-11-18,59.0,61.0,95.0,33.87,94.27,6.2,2080.0,150.0,72.0,78.0,17.0,371.0,409.0,157.0,107.0,107.0,38.0,554.0,64.0,90.0,71.0,2025-11-18 03:10:31,2025-11-18 10:00:02,15.166666666666666,10.0,1.0,19.0,4.2,4.2,0.0,0.0,1.0,1.0,0.0,0.0,0.0,1.0,0.0,0.0,1.0,1,0,95.0,59.0,93.0,54.0,82.0,86.0,67.0,121.0,90.0,115.0,89.0,57.0,62.0,58.0,64.0,10.6,10.7,12.2,7.9,79.0,68.0,86.0,75.0,11.0,39.142857142857146,9.471428571428573,1.7142857142857142,53.0,Yellow
2025-11-19,53.0,60.0,88.0,33.31,97.0,9.9,2406.0,171.0,73.0,78.0,17.3,456.0,536.0,215.0,119.0,122.0,80.0,596.0,117.0,85.0,72.0,2025-11-19 01:47:06,2025-11-19 10:43:55,13.783333333333333,10.716666666666667,3.0,59.0,16.1,5.6,1.0,1.0,1.0,1.0,0.0,0.0,0.0,0.0,0.0,0.0,1.0,2,0,59.0,95.0,59.0,93.0,54.0,82.0,86.0,95.0,121.0,90.0,103.0,61.0,57.0,62.0,60.0,6.2,10.6,10.7,10.5,78.0,79.0,68.0,82.0,10.757142857142856,41.857142857142854,10.071428571428573,1.8571428571428572,85.0,Green
2025-11-20,85.0,58.0,110.0,33.46,95.64,8.0,2474.0,154.0,71.0,78.0,16.2,395.0,429.0,213.0,82.0,100.0,34.0,577.0,90.0,94.0,67.0,2025-11-20 01:27:25,2025-11-20 08:36:28,13.45,8.6,1.0,37.0,5.5,5.5,0.0,1.0,0.0,1.0,0.0,0.0,0.0,0.0,0.0,0.0,1.0,3,0,53.0,59.0,95.0,59.0,93.0,54.0,82.0,88.0,95.0,121.0,100.0,60.0,61.0,57.0,60.0,9.9,6.2,10.6,13.7,78.0,78.0,79.0,83.0,10.671428571428569,45.857142857142854,10.271428571428572,1.8571428571428572,55.0,Yellow
2025-11-21,55.0,60.0,88.0,33.29,93.4,7.1,2157.0,145.0,72.0,75.0,17.0,371.0,403.0,108.0,112.0,151.0,32.0,599.0,116.0,92.0,74.0,2025-11-21 03:14:29,2025-11-21 09:57:55,15.233333333333334,9.95,1.0,17.0,4.7,4.7,0.0,0.0,1.0,1.0,0.0,0.0,0.0,0.0,0.0,0.0,1.0,4,0,85.0,53.0,59.0,95.0,59.0,93.0,54.0,110.0,88.0,95.0,83.0,58.0,60.0,61.0,68.0,8.0,9.9,6.2,11.4,78.0,78.0,78.0,81.0,9.857142857142858,42.142857142857146,8.542857142857144,1.5714285714285714,79.0,Green
2025-11-22,79.0,62.0,105.0,33.97,96.5,14.7,3234.0,158.0,81.0,78.0,17.6,406.0,479.0,211.0,85.0,110.0,38.0,594.0,113.0,84.0,83.0,2025-11-22 02:01:01,2025-11-22 10:00:31,14.016666666666666,10.0,2.0,79.0,12.5,6.8,0.0,1.0,0.0,1.0,0.0,0.0,0.0,1.0,0.0,0.0,1.0,5,1,55.0,85.0,53.0,59.0,95.0,59.0,93.0,88.0,110.0,88.0,115.0,60.0,58.0,60.0,58.0,7.1,8.0,9.9,12.2,75.0,78.0,78.0,86.0,9.242857142857144,34.57142857142857,8.171428571428573,1.5714285714285714,32.0,Red
2025-11-23,32.0,74.0,75.0,33.87,95.71,12.5,2618.0,156.0,82.0,59.0,17.8,332.0,374.0,148.0,90.0,94.0,42.0,630.0,121.0,88.0,80.0,2025-11-23 03:20:04,2025-11-23 09:34:08,15.333333333333334,9.566666666666666,2.0,80.0,12.7,7.8,0.0,1.0,1.0,1.0,0.0,0.0,0.0,1.0,0.0,0.0,1.0,6,1,79.0,55.0,85.0,53.0,59.0,95.0,59.0,105.0,88.0,110.0,90.0,62.0,60.0,58.0,62.0,14.7,7.1,8.0,10.7,78.0,75.0,78.0,68.0,9.599999999999998,39.142857142857146,7.985714285714287,1.4285714285714286,56.0,Yellow
2025-11-24,56.0,62.0,87.0,33.9,92.74,11.1,2755.0,156.0,77.0,78.0,17.3,401.0,459.0,187.0,81.0,133.0,58.0,625.0,127.0,87.0,86.0,2025-11-24 02:08:16,2025-11-24 09:47:49,14.133333333333333,9.783333333333333,1.0,30.0,6.3,6.3,0.0,0.0,1.0,1.0,0.0,0.0,0.0,1.0,0.0,0.0,1.0,0,0,32.0,79.0,55.0,85.0,53.0,59.0,95.0,75.0,105.0,88.0,121.0,74.0,62.0,60.0,57.0,12.5,14.7,7.1,10.6,59.0,78.0,75.0,79.0,9.857142857142858,45.142857142857146,8.657142857142858,1.5714285714285714,22.0,Red
2025-11-25,22.0,77.0,70.0,34.31,95.82,9.2,2159.0,148.0,83.0,33.0,17.7,277.0,318.0,117.0,82.0,78.0,41.0,619.0,127.0,87.0,77.0,2025-11-25 04:22:52,2025-11-25 09:41:04,16.366666666666667,9.683333333333334,0.0,0.0,0.0,0.0,0.0,0.0,1.0,1.0,0.0,0.0,0.0,1.0,0.0,0.0,1.0,1,0,56.0,32.0,79.0,55.0,85.0,53.0,59.0,87.0,75.0,105.0,95.0,62.0,74.0,62.0,61.0,11.1,12.5,14.7,6.2,78.0,59.0,78.0,78.0,9.928571428571429,45.857142857142854,8.857142857142858,1.5714285714285714,52.0,Yellow
2025-11-26,52.0,70.0,81.0,33.71,95.94,12.3,2796.0,167.0,78.0,75.0,17.9,416.0,456.0,231.0,75.0,110.0,40.0,612.0,127.0,91.0,81.0,2025-11-26 01:53:24,2025-11-26 09:29:24,13.883333333333333,9.483333333333333,1.0,28.0,7.7,7.7,0.0,0.0,0.0,1.0,0.0,0.0,0.0,1.0,0.0,0.0,1.0,2,0,22.0,56.0,32.0,79.0,55.0,85.0,53.0,70.0,87.0,75.0,88.0,77.0,62.0,74.0,60.0,9.2,11.1,12.5,9.9,33.0,78.0,59.0,78.0,10.357142857142858,43.142857142857146,8.257142857142858,1.4285714285714286,35.0,Yellow
2025-11-27,35.0,72.0,80.0,34.16,93.64,7.0,2041.0,141.0,80.0,56.0,18.0,306.0,324.0,121.0,98.0,87.0,18.0,622.0,126.0,94.0,79.0,2025-11-27 03:36:59,2025-11-27 09:01:39,15.6,9.016666666666667,1.0,16.0,4.6,4.6,0.0,0.0,0.0,0.0,0.0,0.0,0.0,1.0,0.0,0.0,1.0,3,0,52.0,22.0,56.0,32.0,79.0,55.0,85.0,81.0,70.0,87.0,110.0,70.0,77.0,62.0,58.0,12.3,9.2,11.1,8.0,75.0,33.0,78.0,78.0,10.7,38.714285714285715,7.057142857142858,1.1428571428571428,33.0,Red
2025-11-28,33.0,77.0,70.0,34.34,92.46,6.2,2363.0,130.0,80.0,46.0,18.1,317.0,328.0,135.0,89.0,93.0,11.0,608.0,127.0,96.0,51.0,2025-11-28 01:08:22,2025-11-28 06:36:23,13.133333333333333,6.6,0.0,0.0,0.0,0.0,0.0,0.0,1.0,0.0,0.0,0.0,0.0,1.0,0.0,0.0,0.0,4,0,35.0,52.0,22.0,56.0,32.0,79.0,55.0,80.0,81.0,70.0,88.0,72.0,70.0,77.0,60.0,7.0,12.3,9.2,7.1,56.0,75.0,33.0,75.0,10.557142857142855,35.714285714285715,6.928571428571429,1.1428571428571428,77.0,Green
2025-11-29,77.0,65.0,93.0,33.94,95.55,9.4,2333.0,157.0,77.0,77.0,17.6,482.0,520.0,216.0,125.0,141.0,38.0,607.0,127.0,92.0,52.0,2025-11-29 02:53:54,2025-11-29 11:34:34,14.883333333333333,11.566666666666666,2.0,36.0,10.2,5.2,0.0,0.0,0.0,1.0,0.0,0.0,0.0,1.0,0.0,0.0,0.0,5,1,33.0,35.0,52.0,22.0,56.0,32.0,79.0,70.0,80.0,81.0,105.0,77.0,72.0,70.0,62.0,6.2,7.0,12.3,14.7,46.0,56.0,75.0,78.0,10.428571428571429,33.285714285714285,6.257142857142857,1.0,78.0,Green
2025-11-30,78.0,67.0,94.0,33.81,97.33,11.3,2910.0,160.0,77.0,75.0,17.6,401.0,466.0,248.0,87.0,66.0,65.0,566.0,80.0,86.0,63.0,2025-11-30 02:02:27,2025-11-30 09:48:45,14.033333333333333,9.8,1.0,31.0,6.1,6.1,0.0,0.0,1.0,1.0,0.0,0.0,0.0,0.0,0.0,0.0,0.0,6,1,77.0,33.0,35.0,52.0,22.0,56.0,32.0,93.0,70.0,80.0,75.0,65.0,77.0,72.0,74.0,9.4,6.2,7.0,12.5,77.0,46.0,56.0,59.0,9.671428571428573,27.142857142857142,5.928571428571429,1.0,24.0,Red
2025-12-01,24.0,70.0,79.0,33.99,96.4,11.1,2300.0,171.0,81.0,22.0,17.2,228.0,304.0,131.0,25.0,72.0,76.0,597.0,105.0,74.0,54.0,2025-12-01 05:09:59,2025-12-01 10:14:40,17.15,10.233333333333333,1.0,22.0,5.6,5.6,0.0,0.0,1.0,1.0,0.0,0.0,0.0,0.0,0.0,0.0,0.0,0,0,78.0,77.0,33.0,35.0,52.0,22.0,56.0,94.0,93.0,70.0,87.0,67.0,65.0,77.0,62.0,11.3,9.4,6.2,11.1,75.0,77.0,46.0,78.0,9.5,20.142857142857142,4.985714285714287,0.8571428571428571,50.0,Yellow
2025-12-02,50.0,63.0,103.0,33.67,96.33,13.0,2863.0,161.0,82.0,49.0,17.1,279.0,312.0,101.0,121.0,57.0,33.0,619.0,127.0,89.0,58.0,2025-12-02 02:34:02,2025-12-02 07:46:23,14.566666666666666,7.766666666666667,2.0,76.0,11.2,6.2,0.0,1.0,0.0,1.0,0.0,0.0,0.0,0.0,0.0,0.0,0.0,1,0,24.0,78.0,77.0,33.0,35.0,52.0,22.0,79.0,94.0,93.0,70.0,70.0,67.0,65.0,77.0,11.1,11.3,9.4,9.2,22.0,75.0,77.0,33.0,9.5,19.0,4.885714285714286,0.8571428571428571,41.0,Yellow
2025-12-03,41.0,65.0,83.0,34.52,95.57,7.7,2209.0,164.0,74.0,46.0,16.3,313.0,427.0,119.0,51.0,143.0,114.0,627.0,127.0,73.0,75.0,2025-12-03 02:53:02,2025-12-03 10:00:22,14.883333333333333,10.0,0.0,0.0,0.0,0.0,0.0,0.0,0.0,1.0,0.0,0.0,0.0,0.0,0.0,0.0,1.0,2,0,50.0,24.0,78.0,77.0,33.0,35.0,52.0,103.0,79.0,94.0,81.0,63.0,70.0,67.0,70.0,13.0,11.1,11.3,12.3,49.0,22.0,75.0,75.0,10.042857142857143,29.857142857142858,6.485714285714286,1.1428571428571428,84.0,Green
2025-12-04,84.0,59.0,102.0,33.26,94.94,10.3,2554.0,168.0,77.0,81.0,16.8,452.0,488.0,216.0,115.0,121.0,36.0,609.0,127.0,92.0,72.0,2025-12-04 01:33:53,2025-12-04 09:42:35,13.55,9.7,2.0,43.0,11.0,6.6,1.0,1.0,0.0,1.0,0.0,0.0,0.0,0.0,0.0,0.0,1.0,3,0,41.0,50.0,24.0,78.0,77.0,33.0,35.0,83.0,103.0,79.0,80.0,65.0,63.0,70.0,72.0,7.7,13.0,11.1,7.0,46.0,49.0,22.0,56.0,9.385714285714286,25.857142857142858,5.385714285714286,1.0,80.0,Green
2025-12-05,80.0,61.0,103.0,33.59,94.95,12.3,2810.0,156.0,78.0,83.0,16.6,448.0,474.0,175.0,122.0,151.0,26.0,589.0,100.0,94.0,78.0,2025-12-05 02:26:34,2025-12-05 10:20:59,14.433333333333334,10.333333333333334,1.0,47.0,5.8,5.8,0.0,1.0,0.0,1.0,0.0,0.0,0.0,0.0,0.0,0.0,1.0,4,0,84.0,41.0,50.0,24.0,78.0,77.0,33.0,102.0,83.0,103.0,70.0,59.0,65.0,63.0,77.0,10.3,7.7,13.0,6.2,81.0,46.0,49.0,46.0,9.857142857142858,29.714285714285715,6.3,1.1428571428571428,47.0,Yellow
2025-12-06,47.0,70.0,84.0,34.91,94.93,8.5,2342.0,150.0,77.0,77.0,17.2,399.0,456.0,166.0,95.0,138.0,57.0,586.0,90.0,87.0,73.0,2025-12-06 03:21:36,2025-12-06 10:57:44,15.35,10.95,1.0,25.0,5.6,5.6,0.0,0.0,1.0,1.0,0.0,0.0,0.0,1.0,0.0,0.0,1.0,5,1,80.0,84.0,41.0,50.0,24.0,78.0,77.0,103.0,102.0,83.0,93.0,61.0,59.0,65.0,65.0,12.3,10.3,7.7,9.4,83.0,81.0,46.0,77.0,10.72857142857143,36.42857142857143,7.128571428571429,1.2857142857142858,50.0,Yellow
2025-12-07,50.0,62.0,84.0,34.19,96.03,7.2,2223.0,147.0,73.0,84.0,17.0,431.0,465.0,187.0,113.0,131.0,34.0,603.0,120.0,92.0,86.0,2025-12-07 02:59:50,2025-12-07 10:45:39,14.983333333333334,10.75,1.0,14.0,5.1,5.1,0.0,0.0,1.0,1.0,0.0,0.0,0.0,0.0,0.0,0.0,1.0,6,1,47.0,80.0,84.0,41.0,50.0,24.0,78.0,84.0,103.0,102.0,94.0,70.0,61.0,59.0,67.0,8.5,12.3,10.3,11.3,77.0,83.0,81.0,75.0,10.6,34.857142857142854,6.471428571428571,1.1428571428571428,86.0,Green
2025-12-08,86.0,59.0,103.0,33.67,94.97,6.1,2182.0,151.0,71.0,86.0,16.3,459.0,486.0,210.0,112.0,137.0,27.0,591.0,110.0,94.0,86.0,2025-12-08 02:13:52,2025-12-08 10:20:38,14.216666666666667,10.333333333333334,0.0,0.0,0.0,0.0,0.0,0.0,1.0,1.0,0.0,0.0,0.0,0.0,0.0,0.0,1.0,0,0,50.0,47.0,80.0,84.0,41.0,50.0,24.0,84.0,84.0,103.0,79.0,62.0,70.0,61.0,70.0,7.2,8.5,12.3,11.1,84.0,77.0,83.0,22.0,10.014285714285716,32.42857142857143,6.328571428571429,1.1428571428571428,86.0,Green
2025-12-09,86.0,60.0,111.0,34.19,96.59,9.4,2378.0,151.0,75.0,85.0,16.7,429.0,482.0,224.0,84.0,121.0,53.0,564.0,84.0,89.0,84.0,2025-12-09 01:52:04,2025-12-09 09:54:35,13.866666666666667,9.9,0.0,0.0,0.0,0.0,0.0,0.0,1.0,1.0,0.0,0.0,0.0,0.0,0.0,0.0,1.0,1,0,86.0,50.0,47.0,80.0,84.0,41.0,50.0,103.0,84.0,84.0,103.0,59.0,62.0,70.0,63.0,6.1,7.2,8.5,13.0,86.0,84.0,77.0,49.0,9.299999999999999,29.285714285714285,5.528571428571429,1.0,63.0,Yellow
2025-12-10,63.0,63.0,96.0,33.94,94.81,10.8,2667.0,151.0,75.0,85.0,16.6,502.0,568.0,206.0,120.0,176.0,66.0,572.0,86.0,88.0,82.0,2025-12-10 01:40:06,2025-12-10 11:09:05,13.666666666666666,11.15,2.0,74.0,12.4,6.4,0.0,1.0,0.0,0.0,0.0,0.0,0.0,0.0,0.0,0.0,0.0,2,0,86.0,86.0,50.0,47.0,80.0,84.0,41.0,111.0,103.0,84.0,83.0,60.0,59.0,62.0,65.0,9.4,6.1,7.2,7.7,85.0,86.0,84.0,46.0,8.785714285714286,18.428571428571427,3.9285714285714284,0.7142857142857143,68.0,Green
2025-12-11,68.0,61.0,100.0,34.18,95.29,12.5,2725.0,160.0,79.0,81.0,17.1,381.0,395.0,156.0,126.0,99.0,14.0,534.0,44.0,96.0,76.0,2025-12-11 02:26:38,2025-12-11 09:02:29,14.433333333333334,9.033333333333333,2.0,45.0,12.2,6.6,0.0,1.0,0.0,1.0,0.0,0.0,0.0,0.0,0.0,0.0,1.0,3,0,63.0,86.0,86.0,50.0,47.0,80.0,84.0,96.0,111.0,103.0,102.0,63.0,60.0,59.0,59.0,10.8,9.4,6.1,10.3,85.0,85.0,86.0,81.0,9.22857142857143,29.0,5.700000000000001,1.0,40.0,Yellow
2025-12-12,40.0,63.0,79.0,34.03,93.94,12.2,2773.0,164.0,75.0,83.0,16.7,437.0,453.0,241.0,85.0,111.0,16.0,595.0,98.0,96.0,82.0,2025-12-12 02:44:09,2025-12-12 10:17:09,14.733333333333334,10.283333333333333,1.0,74.0,9.6,9.6,0.0,0.0,1.0,1.0,0.0,0.0,0.0,0.0,0.0,0.0,1.0,4,0,68.0,63.0,86.0,86.0,50.0,47.0,80.0,100.0,96.0,111.0,103.0,61.0,63.0,60.0,61.0,12.5,10.8,9.4,12.3,81.0,85.0,85.0,83.0,9.542857142857143,29.285714285714285,5.871428571428572,1.0,53.0,Yellow
2025-12-13,53.0,62.0,89.0,34.43,95.93,10.4,2508.0,167.0,75.0,79.0,16.8,427.0,469.0,199.0,101.0,127.0,42.0,597.0,101.0,91.0,68.0,2025-12-13 03:41:20,2025-12-13 11:31:04,15.683333333333334,11.516666666666667,1.0,33.0,5.0,5.0,0.0,1.0,1.0,1.0,0.0,0.0,0.0,1.0,0.0,0.0,1.0,5,1,40.0,68.0,63.0,86.0,86.0,50.0,47.0,79.0,100.0,96.0,84.0,63.0,61.0,63.0,70.0,12.2,12.5,10.8,8.5,83.0,81.0,85.0,77.0,9.528571428571428,33.142857142857146,6.4142857142857155,1.0,60.0,Yellow
2025-12-14,60.0,61.0,92.0,33.88,94.82,6.4,2220.0,138.0,72.0,81.0,16.6,412.0,440.0,145.0,121.0,146.0,28.0,597.0,109.0,93.0,79.0,2025-12-14 03:53:52,2025-12-14 11:14:51,15.883333333333333,11.233333333333333,0.0,0.0,0.0,0.0,0.0,0.0,1.0,1.0,0.0,0.0,0.0,0.0,0.0,0.0,1.0,6,1,53.0,40.0,68.0,63.0,86.0,86.0,50.0,89.0,79.0,100.0,84.0,62.0,63.0,61.0,62.0,10.4,12.2,12.5,7.2,79.0,83.0,81.0,84.0,9.8,34.285714285714285,6.328571428571429,1.0,66.0,Yellow
2025-12-15,66.0,61.0,95.0,34.07,97.13,5.9,2108.0,128.0,71.0,85.0,16.6,429.0,452.0,209.0,83.0,137.0,23.0,598.0,118.0,94.0,87.0,2025-12-15 03:50:30,2025-12-15 11:22:55,15.833333333333334,11.366666666666667,0.0,0.0,0.0,0.0,0.0,0.0,1.0,1.0,0.0,0.0,0.0,0.0,0.0,0.0,1.0,0,0,60.0,53.0,40.0,68.0,63.0,86.0,86.0,92.0,89.0,79.0,103.0,61.0,62.0,63.0,59.0,6.4,10.4,12.2,6.1,81.0,79.0,83.0,86.0,9.685714285714285,32.285714285714285,5.6000000000000005,0.8571428571428571,77.0,Green
2025-12-16,77.0,62.0,100.0,34.38,95.37,12.1,2783.0,163.0,76.0,84.0,16.5,425.0,456.0,218.0,111.0,96.0,31.0,587.0,108.0,93.0,86.0,2025-12-16 03:07:34,2025-12-16 10:44:12,15.116666666666667,10.733333333333333,2.0,30.0,10.7,6.2,1.0,1.0,1.0,1.0,0.0,0.0,0.0,0.0,0.0,0.0,1.0,1,0,66.0,60.0,53.0,40.0,68.0,63.0,86.0,95.0,92.0,89.0,111.0,61.0,61.0,62.0,60.0,5.9,6.4,10.4,9.4,85.0,81.0,79.0,85.0,9.657142857142857,32.285714285714285,5.6000000000000005,0.8571428571428571,33.0,Red
2025-12-17,33.0,67.0,74.0,34.7,95.73,12.1,2583.0,156.0,82.0,75.0,16.6,360.0,393.0,173.0,104.0,83.0,33.0,599.0,104.0,91.0,85.0,2025-12-17 04:26:05,2025-12-17 10:59:53,16.433333333333334,10.983333333333333,3.0,47.0,13.7,4.9,0.0,0.0,1.0,1.0,0.0,0.0,0.0,0.0,0.0,0.0,1.0,2,0,77.0,66.0,60.0,53.0,40.0,68.0,63.0,100.0,95.0,92.0,96.0,62.0,61.0,61.0,63.0,12.1,5.9,6.4,10.8,84.0,85.0,81.0,85.0,10.042857142857143,36.57142857142857,7.128571428571428,1.1428571428571428,16.0,Red
2025-12-18,16.0,70.0,71.0,34.81,97.88,11.7,2727.0,156.0,82.0,40.0,17.0,220.0,223.0,98.0,94.0,28.0,3.0,615.0,119.0,98.0,87.0,2025-12-18 03:16:37,2025-12-18 07:00:05,15.266666666666666,7.0,1.0,41.0,6.7,6.7,0.0,0.0,1.0,1.0,0.0,0.0,0.0,1.0,0.0,0.0,1.0,3,0,33.0,77.0,66.0,60.0,53.0,40.0,68.0,74.0,100.0,95.0,100.0,67.0,62.0,61.0,61.0,12.1,12.1,5.9,12.5,75.0,84.0,85.0,81.0,10.22857142857143,32.714285714285715,7.314285714285715,1.2857142857142858,48.0,Yellow
2025-12-19,48.0,66.0,90.0,34.52,95.6,10.8,2476.0,163.0,77.0,56.0,17.4,273.0,312.0,138.0,56.0,79.0,39.0,532.0,127.0,87.0,58.0,2025-12-19 01:47:39,2025-12-19 06:59:39,13.783333333333333,6.983333333333333,1.0,20.0,5.9,5.9,0.0,0.0,1.0,1.0,0.0,0.0,0.0,0.0,0.0,0.0,1.0,4,0,16.0,33.0,77.0,66.0,60.0,53.0,40.0,71.0,74.0,100.0,79.0,70.0,67.0,62.0,63.0,11.7,12.1,12.1,12.2,40.0,75.0,84.0,83.0,10.114285714285714,32.142857142857146,6.528571428571428,1.1428571428571428,84.0,Green
2025-12-20,84.0,60.0,102.0,33.92,96.0,13.1,2734.0,160.0,79.0,78.0,17.3,437.0,472.0,173.0,115.0,149.0,35.0,593.0,127.0,92.0,60.0,2025-12-20 01:02:22,2025-12-20 08:54:59,13.033333333333333,8.9,3.0,64.0,18.2,6.5,0.0,0.0,0.0,1.0,0.0,0.0,0.0,0.0,0.0,0.0,1.0,5,1,48.0,16.0,33.0,77.0,66.0,60.0,53.0,90.0,71.0,74.0,89.0,66.0,70.0,67.0,62.0,10.8,11.7,12.1,10.4,56.0,40.0,75.0,79.0,9.914285714285715,24.428571428571427,6.000000000000001,1.1428571428571428,84.0,Green
2025-12-21,84.0,62.0,104.0,34.56,96.72,17.8,3655.0,192.0,83.0,75.0,17.2,384.0,415.0,230.0,84.0,70.0,31.0,600.0,100.0,92.0,68.0,2025-12-21 00:40:24,2025-12-21 07:35:54,12.666666666666666,7.583333333333333,1.0,67.0,15.4,15.4,0.0,0.0,0.0,1.0,0.0,0.0,0.0,1.0,0.0,0.0,1.0,6,1,84.0,48.0,16.0,33.0,77.0,66.0,60.0,102.0,90.0,71.0,92.0,60.0,66.0,70.0,61.0,13.1,10.8,11.7,6.4,78.0,56.0,40.0,81.0,10.299999999999999,28.857142857142858,7.885714285714286,1.4285714285714286,13.0,Red
2025-12-22,13.0,82.0,59.0,34.83,94.55,13.4,2756.0,178.0,90.0,18.0,18.1,270.0,314.0,105.0,88.0,77.0,44.0,659.0,127.0,86.0,55.0,2025-12-22 03:37:56,2025-12-22 08:52:26,15.616666666666667,8.866666666666667,5.0,112.0,26.0,6.2,0.0,0.0,0.0,1.0,0.0,0.0,0.0,1.0,0.0,0.0,1.0,0,0,84.0,84.0,48.0,16.0,33.0,77.0,66.0,104.0,102.0,90.0,95.0,62.0,60.0,66.0,61.0,17.8,13.1,10.8,5.9,75.0,78.0,56.0,85.0,11.928571428571429,38.42857142857143,10.085714285714287,1.5714285714285714,43.0,Yellow
2025-12-23,43.0,69.0,85.0,34.79,94.0,7.5,2501.0,152.0,76.0,59.0,17.9,315.0,327.0,130.0,116.0,69.0,12.0,629.0,127.0,96.0,74.0,2025-12-23 02:33:28,2025-12-23 08:00:59,14.55,8.0,1.0,17.0,5.4,5.4,0.0,0.0,0.0,1.0,0.0,0.0,0.0,1.0,0.0,0.0,1.0,1,0,13.0,84.0,84.0,48.0,16.0,33.0,77.0,59.0,104.0,102.0,100.0,82.0,62.0,60.0,62.0,13.4,17.8,13.1,12.1,18.0,75.0,78.0,84.0,13.0,54.42857142857143,13.799999999999999,2.2857142857142856,1.0,Red
2025-12-24,1.0,75.0,63.0,35.37,99.0,19.3,5214.0,187.0,88.0,21.0,18.6,62.0,68.0,24.0,27.0,11.0,6.0,606.0,127.0,91.0,,2025-12-25 11:08:47,2025-12-25 12:17:13,23.133333333333333,12.283333333333333,0.0,0.0,0.0,0.0,0.0,0.0,0.0,1.0,0.0,0.0,0.0,0.0,0.0,0.0,1.0,2,0,43.0,13.0,84.0,84.0,48.0,16.0,33.0,85.0,59.0,104.0,74.0,69.0,82.0,62.0,67.0,7.5,13.4,17.8,12.1,59.0,18.0,75.0,75.0,12.342857142857142,52.57142857142857,13.042857142857143,2.142857142857143,7.0,Red
2025-12-26,7.0,80.0,27.0,34.42,95.3,6.3,1901.0,138.0,84.0,27.0,17.9,327.0,362.0,109.0,130.0,88.0,35.0,607.0,127.0,90.0,14.0,2025-12-26 06:52:46,2025-12-26 12:55:42,18.866666666666667,12.916666666666666,0.0,0.0,0.0,0.0,0.0,0.0,0.0,0.0,0.0,0.0,0.0,0.0,0.0,0.0,0.0,4,0,1.0,43.0,13.0,84.0,84.0,48.0,16.0,63.0,85.0,59.0,71.0,75.0,69.0,82.0,70.0,19.3,7.5,13.4,11.7,21.0,59.0,18.0,40.0,13.37142857142857,45.857142857142854,11.085714285714285,1.7142857142857142,59.0,Yellow
2025-12-27,59.0,66.0,93.0,34.99,96.17,6.3,2196.0,142.0,77.0,51.0,17.9,315.0,339.0,142.0,100.0,73.0,24.0,607.0,127.0,93.0,14.0,2025-12-27 03:23:18,2025-12-27 09:02:25,15.383333333333333,9.033333333333333,0.0,0.0,0.0,0.0,0.0,0.0,0.0,0.0,0.0,0.0,0.0,0.0,0.0,0.0,1.0,5,1,7.0,1.0,43.0,13.0,84.0,84.0,48.0,27.0,63.0,85.0,90.0,80.0,75.0,69.0,66.0,6.3,19.3,7.5,10.8,27.0,21.0,59.0,56.0,12.6,40.0,10.12857142857143,1.5714285714285714,18.0,Red
2025-12-28,18.0,77.0,53.0,34.7,95.88,4.6,1983.0,139.0,73.0,26.0,18.5,294.0,357.0,72.0,83.0,139.0,63.0,607.0,127.0,82.0,40.0,2025-12-28 03:01:18,2025-12-28 08:59:11,15.016666666666666,8.983333333333333,0.0,0.0,0.0,0.0,0.0,0.0,0.0,1.0,0.0,0.0,0.0,1.0,0.0,0.0,1.0,6,1,59.0,7.0,1.0,43.0,13.0,84.0,84.0,93.0,27.0,63.0,102.0,66.0,80.0,75.0,60.0,6.3,6.3,19.3,13.1,51.0,27.0,21.0,78.0,11.957142857142857,37.142857142857146,9.285714285714286,1.4285714285714286,52.0,Yellow
2025-12-29,2.0,82.0,29.0,34.35,91.5,6.9,2717.0,146.0,78.0,12.0,18.0,110.0,122.0,36.0,38.0,36.0,12.0,604.0,127.0,94.0,,2025-12-30 05:37:00,2025-12-30 07:39:00,17.616666666666667,7.65,0.0,0.0,0.0,0.0,0.0,0.0,0.0,1.0,0.0,0.0,0.0,0.0,0.0,0.0,1.0,0,0,18.0,59.0,7.0,1.0,43.0,13.0,84.0,135.0,53.0,93.0,59.0,62.0,77.0,66.0,82.0,5.6,4.6,6.3,13.4,33.0,26.0,51.0,18.0,10.742857142857142,28.0,6.685714285714285,1.0,47.0,Yellow
2025-12-31,47.0,63.0,74.0,35.0,94.8,6.0,2799.0,143.0,79.0,57.0,17.6,286.0,327.0,102.0,97.0,87.0,41.0,497.0,127.0,87.0,23.0,2025-12-31 00:04:40,2025-12-31 05:32:08,12.066666666666666,5.533333333333333,0.0,0.0,0.0,0.0,0.0,0.0,0.0,1.0,0.0,0.0,0.0,0.0,0.0,0.0,1.0,2,0,52.0,2.0,18.0,59.0,7.0,1.0,43.0,29.0,135.0,53.0,85.0,82.0,62.0,77.0,69.0,6.9,5.6,4.6,7.5,12.0,33.0,26.0,59.0,8.071428571428571,2.4285714285714284,0.7714285714285715,0.14285714285714285,28.0,Red
2026-01-01,44.0,68.0,69.0,35.47,95.85,4.6,1573.0,134.0,75.0,55.0,17.7,333.0,338.0,175.0,85.0,73.0,5.0,606.0,127.0,98.0,13.0,2026-01-01 06:36:14,2026-01-01 12:14:31,18.6,12.233333333333333,0.0,0.0,0.0,0.0,0.0,0.0,0.0,1.0,0.0,0.0,0.0,1.0,0.0,0.0,1.0,3,0,28.0,47.0,52.0,2.0,18.0,59.0,7.0,73.0,74.0,29.0,27.0,71.0,63.0,82.0,80.0,5.7,6.0,6.9,6.3,15.0,57.0,12.0,27.0,5.914285714285714,0.0,0.0,0.0,66.0,Yellow
2026-01-02,66.0,63.0,82.0,34.28,97.06,4.2,2134.0,136.0,72.0,72.0,17.2,412.0,446.0,179.0,89.0,144.0,34.0,606.0,127.0,92.0,41.0,2026-01-02 23:55:00,2026-01-03 07:21:03,11.916666666666668,7.35,1.0,17.0,5.2,5.2,0.0,0.0,0.0,1.0,0.0,0.0,0.0,0.0,0.0,0.0,1.0,4,0,44.0,28.0,47.0,52.0,2.0,18.0,59.0,69.0,73.0,74.0,93.0,68.0,71.0,63.0,66.0,4.6,5.7,6.0,6.3,55.0,15.0,57.0,51.0,5.671428571428572,0.0,0.0,0.0,69.0,Green
2026-01-03,69.0,64.0,83.0,34.64,95.92,4.3,2236.0,128.0,72.0,77.0,17.1,424.0,447.0,204.0,111.0,109.0,23.0,602.0,125.0,95.0,57.0,2026-01-03 23:34:44,2026-01-04 07:01:48,11.566666666666666,7.016666666666667,0.0,0.0,0.0,0.0,0.0,0.0,0.0,1.0,0.0,0.0,0.0,1.0,0.0,0.0,1.0,5,1,66.0,44.0,28.0,47.0,52.0,2.0,18.0,82.0,69.0,73.0,53.0,63.0,68.0,71.0,77.0,4.2,4.6,5.7,4.6,72.0,55.0,15.0,26.0,5.371428571428571,2.4285714285714284,0.7428571428571429,0.14285714285714285,30.0,Red
2026-01-05,30.0,68.0,63.0,34.64,96.08,11.0,2718.0,160.0,79.0,69.0,17.8,334.0,352.0,127.0,104.0,103.0,18.0,592.0,114.0,94.0,67.0,2026-01-05 00:22:16,2026-01-05 06:14:54,12.366666666666667,6.233333333333333,3.0,75.0,16.9,7.0,0.0,0.0,0.0,1.0,0.0,0.0,0.0,1.0,0.0,0.0,1.0,0,0,69.0,66.0,44.0,28.0,47.0,52.0,2.0,83.0,82.0,69.0,135.0,64.0,63.0,68.0,62.0,4.3,4.2,4.6,5.6,77.0,72.0,55.0,33.0,5.328571428571429,2.4285714285714284,0.7428571428571429,0.14285714285714285,51.0,Yellow
2026-01-06,51.0,62.0,81.0,33.36,94.71,12.2,2681.0,161.0,80.0,60.0,17.3,307.0,312.0,86.0,120.0,101.0,5.0,618.0,127.0,98.0,73.0,2026-01-06 01:25:27,2026-01-06 06:37:49,13.416666666666666,6.616666666666667,3.0,81.0,16.5,6.3,0.0,0.0,0.0,1.0,0.0,0.0,0.0,0.0,0.0,0.0,1.0,1,0,30.0,69.0,66.0,44.0,28.0,47.0,52.0,63.0,83.0,82.0,29.0,68.0,64.0,63.0,82.0,11.0,4.3,4.2,6.9,69.0,77.0,72.0,12.0,5.914285714285714,13.142857142857142,3.157142857142857,0.5714285714285714,61.0,Yellow
2026-01-07,61.0,64.0,77.0,34.22,96.0,7.5,2616.0,174.0,74.0,80.0,17.1,461.0,502.0,240.0,64.0,157.0,41.0,623.0,127.0,91.0,67.0,2026-01-07 00:26:21,2026-01-07 08:48:48,12.433333333333334,8.8,1.0,31.0,6.0,6.0,0.0,1.0,0.0,1.0,0.0,0.0,0.0,1.0,0.0,0.0,1.0,2,0,51.0,30.0,69.0,66.0,44.0,28.0,47.0,81.0,63.0,83.0,74.0,62.0,68.0,64.0,63.0,12.2,11.0,4.3,6.0,60.0,69.0,77.0,57.0,6.857142857142857,24.714285714285715,5.514285714285713,1.0,67.0,Green
2026-01-08,67.0,63.0,105.0,34.53,95.94,13.0,2923.0,166.0,84.0,49.0,17.0,300.0,358.0,84.0,98.0,118.0,58.0,585.0,104.0,84.0,48.0,2026-01-08 03:38:37,2026-01-08 09:37:12,15.633333333333333,9.616666666666667,2.0,31.0,10.2,6.1,0.0,1.0,1.0,1.0,0.0,0.0,0.0,0.0,0.0,0.0,1.0,3,0,61.0,51.0,30.0,69.0,66.0,44.0,28.0,77.0,81.0,63.0,73.0,64.0,62.0,68.0,71.0,7.5,12.2,11.0,5.7,80.0,60.0,69.0,15.0,7.071428571428571,29.142857142857142,6.371428571428571,1.1428571428571428,9.0,Red
2026-01-09,9.0,76.0,49.0,35.08,94.86,5.2,1888.0,151.0,76.0,20.0,17.6,217.0,292.0,122.0,49.0,46.0,75.0,627.0,127.0,74.0,61.0,2026-01-09 04:20:25,2026-01-09 09:13:04,16.333333333333332,9.216666666666667,0.0,0.0,0.0,0.0,0.0,0.0,0.0,1.0,0.0,0.0,0.0,1.0,0.0,0.0,1.0,4,0,67.0,61.0,51.0,30.0,69.0,66.0,44.0,105.0,77.0,81.0,69.0,63.0,64.0,62.0,68.0,13.0,7.5,12.2,4.6,49.0,80.0,60.0,55.0,8.114285714285714,33.57142857142857,7.828571428571428,1.4285714285714286,73.0,Green
2026-01-10,73.0,63.0,89.0,33.74,94.67,6.7,2214.0,148.0,77.0,75.0,16.8,399.0,410.0,127.0,112.0,160.0,11.0,511.0,127.0,97.0,42.0,2026-01-10 00:46:26,2026-01-10 07:36:53,12.766666666666667,7.6,0.0,0.0,0.0,0.0,0.0,0.0,1.0,1.0,0.0,0.0,0.0,0.0,0.0,0.0,1.0,5,1,9.0,67.0,61.0,51.0,30.0,69.0,66.0,49.0,105.0,77.0,82.0,76.0,63.0,64.0,63.0,5.2,13.0,7.5,4.2,20.0,49.0,80.0,72.0,8.2,33.57142857142857,7.828571428571428,1.4285714285714286,56.0,Yellow
2026-01-11,56.0,65.0,76.0,34.27,95.36,6.3,2536.0,162.0,74.0,79.0,17.3,467.0,482.0,268.0,62.0,137.0,15.0,552.0,72.0,96.0,57.0,2026-01-11 00:10:22,2026-01-11 08:12:53,12.166666666666666,8.2,0.0,0.0,0.0,0.0,0.0,0.0,1.0,1.0,0.0,0.0,0.0,1.0,0.0,0.0,1.0,6,1,73.0,9.0,67.0,61.0,51.0,30.0,69.0,89.0,49.0,105.0,83.0,63.0,76.0,63.0,64.0,6.7,5.2,13.0,4.3,75.0,20.0,49.0,77.0,8.557142857142859,31.142857142857142,7.0857142857142845,1.2857142857142858,59.0,Yellow
2026-01-12,59.0,66.0,79.0,34.77,94.04,6.3,2024.0,141.0,75.0,72.0,17.4,341.0,380.0,144.0,74.0,123.0,39.0,533.0,54.0,89.0,53.0,2026-01-12 03:36:54,2026-01-12 09:57:18,15.6,9.95,0.0,0.0,0.0,0.0,0.0,0.0,0.0,1.0,0.0,0.0,0.0,0.0,0.0,0.0,1.0,0,0,56.0,73.0,9.0,67.0,61.0,51.0,30.0,76.0,89.0,49.0,63.0,65.0,63.0,76.0,68.0,6.3,6.7,5.2,11.0,79.0,75.0,20.0,69.0,8.842857142857143,31.142857142857142,7.0857142857142845,1.2857142857142858,89.0,Green
2026-01-13,89.0,62.0,107.0,34.79,95.5,4.9,2219.0,149.0,70.0,72.0,17.3,392.0,463.0,189.0,53.0,150.0,71.0,603.0,123.0,84.0,64.0,2026-01-13 01:23:54,2026-01-13 09:07:16,13.383333333333333,9.116666666666667,0.0,0.0,0.0,0.0,0.0,0.0,0.0,1.0,0.0,0.0,0.0,1.0,0.0,0.0,1.0,1,0,59.0,56.0,73.0,9.0,67.0,61.0,51.0,79.0,76.0,89.0,81.0,66.0,65.0,63.0,62.0,6.3,6.3,6.7,12.2,72.0,79.0,75.0,60.0,8.171428571428573,20.428571428571427,4.671428571428572,0.8571428571428571,59.0,Yellow
2026-01-14,59.0,63.0,77.0,34.62,96.07,8.3,2437.0,168.0,76.0,81.0,16.9,431.0,450.0,142.0,125.0,164.0,19.0,605.0,127.0,95.0,74.0,2026-01-14 02:03:30,2026-01-14 09:33:31,14.05,9.55,1.0,3.0,5.0,5.0,1.0,0.0,1.0,1.0,0.0,0.0,0.0,0.0,0.0,0.0,1.0,2,0,89.0,59.0,56.0,73.0,9.0,67.0,61.0,107.0,79.0,76.0,77.0,62.0,66.0,65.0,64.0,4.9,6.3,6.3,7.5,72.0,72.0,79.0,80.0,7.128571428571428,8.857142857142858,2.314285714285714,0.42857142857142855,68.0,Green
2026-01-15,68.0,63.0,88.0,34.91,93.73,5.4,2091.0,135.0,76.0,79.0,17.3,396.0,410.0,163.0,100.0,133.0,14.0,594.0,112.0,96.0,73.0,2026-01-15 03:11:49,2026-01-15 10:02:44,15.183333333333334,10.033333333333333,0.0,0.0,0.0,0.0,0.0,0.0,1.0,1.0,0.0,0.0,0.0,0.0,0.0,0.0,1.0,3,0,59.0,89.0,59.0,56.0,73.0,9.0,67.0,77.0,107.0,79.0,105.0,63.0,62.0,66.0,63.0,8.3,4.9,6.3,13.0,81.0,72.0,72.0,49.0,7.242857142857143,4.857142857142857,2.1714285714285713,0.42857142857142855,58.0,Yellow
2026-01-16,58.0,66.0,86.0,34.58,93.64,4.5,2119.0,133.0,73.0,63.0,16.7,352.0,471.0,153.0,58.0,141.0,119.0,605.0,127.0,74.0,85.0,2026-01-16 02:18:21,2026-01-16 10:10:20,14.3,10.166666666666666,0.0,0.0,0.0,0.0,0.0,0.0,1.0,1.0,0.0,0.0,0.0,0.0,0.0,0.0,1.0,4,0,68.0,59.0,89.0,59.0,56.0,73.0,9.0,88.0,77.0,107.0,49.0,63.0,63.0,62.0,76.0,5.4,8.3,4.9,5.2,79.0,81.0,72.0,20.0,6.157142857142858,0.42857142857142855,0.7142857142857143,0.14285714285714285,65.0,Yellow
2026-01-18,,,,,,6.4,1921.0,162.0,76.0,,,,,,,,,,,,,,,,,0.0,0.0,0.0,0.0,0.0,0.0,0.0,0.0,0.0,0.0,0.0,0.0,0.0,0.0,0.0,6,1,65.0,58.0,68.0,59.0,89.0,59.0,56.0,85.0,86.0,88.0,76.0,60.0,66.0,63.0,65.0,6.8,4.5,5.4,6.3,86.0,63.0,79.0,79.0,6.071428571428571,0.42857142857142855,0.7142857142857143,0.14285714285714285,37.0,Yellow
2026-01-20,45.0,72.0,65.0,34.38,94.7,9.7,2431.0,162.0,80.0,54.0,17.2,359.0,511.0,171.0,76.0,112.0,152.0,603.0,120.0,70.0,80.0,2026-01-20 02:29:25,2026-01-20 11:00:55,14.483333333333334,11.0,1.0,34.0,7.0,7.0,0.0,0.0,0.0,0.0,0.0,0.0,0.0,0.0,0.0,0.0,0.0,1,0,37.0,,65.0,58.0,68.0,59.0,89.0,66.0,,85.0,107.0,66.0,,60.0,62.0,8.2,6.4,6.8,4.9,82.0,,86.0,72.0,6.357142857142857,0.42857142857142855,0.7142857142857143,0.14285714285714285,51.0,Yellow
2026-01-21,51.0,65.0,68.0,34.55,96.92,13.4,2789.0,173.0,83.0,82.0,17.0,409.0,447.0,190.0,114.0,105.0,38.0,607.0,121.0,91.0,87.0,2026-01-21 02:24:29,2026-01-21 09:51:43,14.4,9.85,1.0,13.0,5.9,5.9,0.0,0.0,1.0,1.0,0.0,0.0,0.0,0.0,0.0,0.0,1.0,2,0,45.0,37.0,,65.0,58.0,68.0,59.0,65.0,66.0,,77.0,72.0,66.0,,63.0,9.7,8.2,6.4,8.3,54.0,82.0,,81.0,7.042857142857143,5.285714285714286,1.7142857142857142,0.2857142857142857,36.0,Yellow
2026-01-22,36.0,71.0,67.0,34.28,93.69,5.9,2337.0,138.0,78.0,60.0,17.3,398.0,547.0,186.0,37.0,175.0,149.0,628.0,127.0,72.0,78.0,2026-01-22 01:26:30,2026-01-22 10:33:46,13.433333333333334,10.55,0.0,0.0,0.0,0.0,0.0,0.0,1.0,1.0,0.0,0.0,0.0,0.0,0.0,0.0,1.0,3,0,51.0,45.0,37.0,,65.0,58.0,68.0,68.0,65.0,66.0,88.0,65.0,72.0,66.0,63.0,13.4,9.7,8.2,5.4,82.0,54.0,82.0,79.0,7.771428571428571,6.714285714285714,1.842857142857143,0.2857142857142857,50.0,Yellow
2026-01-23,50.0,68.0,68.0,34.56,95.5,5.4,2694.0,129.0,78.0,76.0,17.5,381.0,431.0,178.0,92.0,111.0,50.0,594.0,115.0,88.0,81.0,2026-01-23 03:07:05,2026-01-23 10:18:22,15.116666666666667,10.3,0.0,0.0,0.0,0.0,0.0,0.0,1.0,1.0,0.0,0.0,0.0,0.0,0.0,0.0,1.0,4,0,36.0,51.0,45.0,37.0,,65.0,58.0,67.0,68.0,65.0,86.0,71.0,65.0,72.0,66.0,5.9,13.4,9.7,4.5,60.0,82.0,54.0,63.0,7.842857142857143,6.714285714285714,1.842857142857143,0.2857142857142857,22.0,Red
2026-01-24,22.0,73.0,49.0,34.39,93.55,8.5,2369.0,149.0,81.0,52.0,17.2,319.0,336.0,119.0,102.0,98.0,17.0,606.0,127.0,94.0,15.0,2026-01-24 01:00:17,2026-01-24 06:37:00,13.0,6.616666666666667,0.0,0.0,0.0,0.0,0.0,0.0,0.0,1.0,0.0,0.0,0.0,0.0,0.0,0.0,1.0,5,1,50.0,36.0,51.0,45.0,37.0,,65.0,68.0,67.0,68.0,85.0,68.0,71.0,65.0,60.0,5.4,5.9,13.4,6.8,76.0,60.0,82.0,86.0,7.971428571428572,6.714285714285714,1.842857142857143,0.2857142857142857,36.0,Yellow
2026-01-25,36.0,71.0,60.0,35.32,95.33,10.8,2597.0,160.0,78.0,62.0,16.8,359.0,384.0,127.0,89.0,143.0,25.0,610.0,127.0,93.0,30.0,2026-01-25 01:03:18,2026-01-25 07:27:48,13.05,7.45,1.0,25.0,6.6,6.6,0.0,0.0,1.0,1.0,0.0,0.0,0.0,1.0,0.0,0.0,1.0,6,1,22.0,50.0,36.0,51.0,45.0,37.0,,49.0,68.0,67.0,,73.0,68.0,71.0,,8.5,5.4,5.9,6.4,52.0,76.0,60.0,,8.214285714285714,6.714285714285714,1.842857142857143,0.2857142857142857,74.0,Green
2026-01-26,74.0,65.0,80.0,35.17,93.5,6.7,2325.0,154.0,73.0,52.0,17.3,386.0,502.0,119.0,129.0,138.0,116.0,615.0,125.0,76.0,42.0,2026-01-26 01:07:57,2026-01-26 09:30:11,13.116666666666667,9.5,0.0,0.0,0.0,0.0,0.0,0.0,0.0,1.0,0.0,0.0,0.0,0.0,0.0,0.0,1.0,0,0,36.0,22.0,50.0,36.0,51.0,45.0,37.0,60.0,49.0,68.0,66.0,71.0,73.0,68.0,66.0,10.8,8.5,5.4,8.2,62.0,52.0,76.0,82.0,8.842857142857143,10.285714285714286,2.7857142857142856,0.42857142857142855,74.0,Green
2026-01-27,85.0,62.0,89.0,34.96,94.53,10.4,2559.0,160.0,75.0,76.0,16.4,441.0,461.0,192.0,93.0,156.0,20.0,613.0,127.0,95.0,54.0,2026-01-27 22:38:39,2026-01-28 06:20:22,10.633333333333333,6.333333333333333,0.0,0.0,0.0,0.0,0.0,0.0,1.0,1.0,0.0,0.0,0.0,0.0,0.0,0.0,1.0,1,0,74.0,36.0,22.0,50.0,36.0,51.0,45.0,84.0,80.0,60.0,68.0,64.0,65.0,71.0,65.0,9.5,6.7,10.8,13.4,71.0,52.0,62.0,82.0,8.62857142857143,10.285714285714286,2.7857142857142856,0.42857142857142855,85.0,Green
2026-01-28,85.0,61.0,90.0,34.79,95.5,11.6,2810.0,153.0,75.0,73.0,16.6,426.0,515.0,192.0,101.0,133.0,89.0,598.0,110.0,83.0,65.0,2026-01-28 22:31:26,2026-01-29 07:06:34,10.516666666666666,7.1,1.0,14.0,4.6,4.6,0.0,0.0,0.0,1.0,0.0,0.0,0.0,0.0,0.0,0.0,1.0,2,0,74.0,85.0,74.0,36.0,22.0,50.0,36.0,89.0,84.0,80.0,67.0,62.0,64.0,65.0,71.0,10.4,9.5,6.7,5.9,76.0,71.0,52.0,60.0,8.171428571428573,3.5714285714285716,0.9428571428571428,0.14285714285714285,6.0,Red
2026-01-29,6.0,70.0,66.0,35.78,94.0,5.4,2279.0,152.0,68.0,25.0,17.4,77.0,82.0,27.0,36.0,14.0,5.0,605.0,127.0,95.0,,2026-01-30 14:01:00,2026-01-30 15:23:00,2.0166666666666675,15.383333333333333,3.0,48.0,14.399999999999999,5.3,0.0,1.0,0.0,1.0,0.0,0.0,0.0,0.0,0.0,0.0,1.0,3,0,85.0,74.0,85.0,74.0,36.0,22.0,50.0,90.0,89.0,84.0,68.0,61.0,62.0,64.0,68.0,11.6,10.4,9.5,5.4,73.0,76.0,71.0,76.0,8.985714285714286,5.571428571428571,1.5999999999999999,0.2857142857142857,86.0,Green
2026-01-31,86.0,57.0,105.0,35.04,95.95,5.9,2312.0,147.0,66.0,78.0,16.3,397.0,438.0,145.0,119.0,133.0,41.0,528.0,127.0,90.0,57.0,2026-01-31 00:41:39,2026-01-31 07:59:40,12.683333333333334,7.983333333333333,0.0,0.0,0.0,0.0,0.0,0.0,0.0,1.0,0.0,0.0,0.0,0.0,0.0,0.0,1.0,5,1,6.0,85.0,74.0,85.0,74.0,36.0,22.0,66.0,90.0,89.0,49.0,70.0,61.0,62.0,73.0,5.4,11.6,10.4,8.5,25.0,73.0,76.0,52.0,8.985714285714286,12.428571428571429,3.657142857142857,0.7142857142857143,41.0,Yellow
2026-02-01,88.0,56.0,110.0,34.47,96.14,7.0,2103.0,167.0,69.0,78.0,15.9,420.0,455.0,169.0,83.0,168.0,35.0,563.0,84.0,92.0,57.0,2026-02-01 01:23:11,2026-02-01 08:59:00,13.383333333333333,8.983333333333333,0.0,0.0,0.0,0.0,0.0,0.0,1.0,1.0,0.0,0.0,0.0,0.0,0.0,0.0,1.0,6,1,41.0,86.0,6.0,85.0,74.0,85.0,74.0,71.0,105.0,66.0,80.0,66.0,57.0,70.0,65.0,11.7,5.9,5.4,6.7,79.0,78.0,25.0,52.0,8.742857142857144,8.857142857142858,2.7142857142857144,0.5714285714285714,67.0,Green
2026-02-03,67.0,60.0,91.0,34.47,93.35,9.6,2378.0,157.0,75.0,84.0,16.0,434.0,475.0,150.0,125.0,159.0,41.0,561.0,68.0,91.0,81.0,2026-02-03 00:34:20,2026-02-03 08:29:39,12.566666666666666,8.483333333333333,1.0,32.0,4.8,4.8,0.0,1.0,1.0,1.0,0.0,0.0,0.0,0.0,0.0,0.0,1.0,1,0,88.0,41.0,86.0,6.0,85.0,74.0,85.0,110.0,71.0,105.0,84.0,56.0,66.0,57.0,64.0,7.0,11.7,5.9,9.5,78.0,79.0,78.0,71.0,8.785714285714286,8.857142857142858,2.7142857142857144,0.5714285714285714,67.0,Green
2026-02-04,67.0,60.0,93.0,33.95,95.5,7.8,2547.0,144.0,74.0,81.0,16.2,402.0,417.0,165.0,121.0,116.0,15.0,567.0,81.0,96.0,75.0,2026-02-04 00:10:20,2026-02-04 07:08:09,12.166666666666666,7.133333333333334,0.0,0.0,0.0,0.0,0.0,0.0,0.0,1.0,0.0,0.0,0.0,0.0,0.0,0.0,1.0,2,0,67.0,88.0,41.0,86.0,6.0,85.0,74.0,91.0,110.0,71.0,89.0,60.0,56.0,66.0,62.0,9.6,7.0,11.7,10.4,84.0,78.0,79.0,76.0,8.671428571428573,13.428571428571429,3.4,0.7142857142857143,43.0,Yellow
2026-02-05,43.0,62.0,81.0,34.34,95.71,8.2,2263.0,157.0,75.0,65.0,16.4,317.0,336.0,128.0,93.0,96.0,19.0,587.0,106.0,94.0,67.0,2026-02-05 02:38:00,2026-02-05 08:14:31,14.633333333333333,8.233333333333333,1.0,23.0,4.9,4.9,0.0,0.0,0.0,1.0,0.0,0.0,0.0,0.0,0.0,0.0,1.0,3,0,67.0,67.0,88.0,41.0,86.0,6.0,85.0,93.0,91.0,110.0,90.0,60.0,60.0,56.0,61.0,7.8,9.6,7.0,11.6,81.0,84.0,78.0,73.0,8.428571428571429,13.428571428571429,3.3999999999999995,0.7142857142857143,72.0,Green
2026-02-06,72.0,60.0,95.0,34.99,94.82,17.5,4086.0,172.0,86.0,79.0,16.3,412.0,451.0,199.0,90.0,123.0,39.0,610.0,127.0,91.0,72.0,2026-02-06 01:29:02,2026-02-06 09:00:18,13.483333333333334,9.0,4.0,136.0,23.9,7.1,0.0,1.0,0.0,1.0,0.0,0.0,0.0,0.0,0.0,0.0,1.0,4,0,43.0,67.0,67.0,88.0,41.0,86.0,6.0,81.0,93.0,91.0,66.0,62.0,60.0,60.0,70.0,8.2,7.8,9.6,5.4,65.0,81.0,84.0,25.0,7.942857142857142,14.714285714285714,3.4428571428571426,0.7142857142857143,18.0,Red
2026-02-07,18.0,75.0,44.0,34.62,95.95,9.3,2387.0,145.0,82.0,38.0,17.4,330.0,389.0,161.0,70.0,99.0,59.0,634.0,126.0,84.0,63.0,2026-02-07 03:13:56,2026-02-07 09:43:42,15.216666666666667,9.716666666666667,1.0,37.0,9.8,9.8,0.0,0.0,1.0,1.0,0.0,0.0,0.0,1.0,0.0,0.0,1.0,5,1,72.0,43.0,67.0,67.0,88.0,41.0,86.0,95.0,81.0,93.0,105.0,60.0,62.0,60.0,57.0,17.5,8.2,7.8,5.9,79.0,65.0,81.0,78.0,9.671428571428573,27.285714285714285,4.799999999999999,0.8571428571428571,13.0,Red
2026-02-08,13.0,64.0,106.0,35.07,96.0,5.5,2068.0,140.0,71.0,26.0,16.9,89.0,91.0,33.0,18.0,38.0,2.0,603.0,127.0,98.0,,2026-02-08 11:20:00,2026-02-08 12:51:00,23.333333333333336,12.85,0.0,0.0,0.0,0.0,0.0,0.0,0.0,1.0,0.0,0.0,0.0,1.0,0.0,0.0,1.0,6,1,18.0,72.0,43.0,67.0,67.0,88.0,41.0,44.0,95.0,81.0,71.0,75.0,60.0,62.0,66.0,9.3,17.5,8.2,11.7,38.0,79.0,65.0,79.0,10.157142857142857,32.57142857142857,6.2,1.0,86.0,Green
2026-02-09,86.0,58.0,105.0,33.67,93.86,12.2,2715.0,156.0,75.0,81.0,16.7,463.0,494.0,180.0,146.0,137.0,31.0,516.0,127.0,93.0,60.0,2026-02-09 01:04:49,2026-02-09 09:19:47,13.066666666666666,9.316666666666666,1.0,42.0,7.3,7.3,0.0,1.0,0.0,1.0,0.0,0.0,0.0,0.0,0.0,0.0,1.0,0,0,13.0,18.0,72.0,43.0,67.0,67.0,88.0,106.0,44.0,95.0,110.0,64.0,75.0,60.0,56.0,5.5,9.3,17.5,7.0,26.0,38.0,79.0,78.0,9.271428571428572,32.57142857142857,6.2,1.0,51.0,Yellow
2026-02-10,51.0,61.0,92.0,34.0,94.31,13.5,2882.0,171.0,81.0,57.0,16.1,273.0,295.0,134.0,88.0,51.0,22.0,529.0,34.0,92.0,47.0,2026-02-10 00:58:21,2026-02-10 05:53:46,12.966666666666667,5.883333333333333,1.0,30.0,6.8,6.8,0.0,1.0,0.0,1.0,0.0,0.0,0.0,0.0,0.0,0.0,1.0,1,0,86.0,13.0,18.0,72.0,43.0,67.0,67.0,105.0,106.0,44.0,91.0,58.0,64.0,75.0,60.0,12.2,5.5,9.3,9.6,81.0,26.0,38.0,84.0,10.014285714285714,38.57142857142857,7.242857142857142,1.1428571428571428,72.0,Green
2026-02-11,72.0,62.0,98.0,34.96,95.89,11.0,2625.0,162.0,76.0,77.0,16.1,419.0,461.0,200.0,78.0,141.0,42.0,630.0,127.0,90.0,66.0,2026-02-11 00:41:26,2026-02-11 08:23:01,12.683333333333334,8.383333333333333,0.0,0.0,0.0,0.0,0.0,0.0,0.0,1.0,0.0,0.0,0.0,0.0,0.0,0.0,1.0,2,0,51.0,86.0,13.0,18.0,72.0,43.0,67.0,92.0,105.0,106.0,93.0,61.0,58.0,64.0,60.0,13.5,12.2,5.5,7.8,57.0,81.0,26.0,81.0,10.571428571428571,38.285714285714285,7.528571428571429,1.1428571428571428,22.0,Red
2026-02-12,22.0,74.0,48.0,34.75,93.6,15.6,3065.0,174.0,85.0,66.0,17.8,385.0,438.0,186.0,96.0,103.0,53.0,618.0,127.0,88.0,78.0,2026-02-12 01:12:26,2026-02-12 08:30:40,13.2,8.5,2.0,51.0,17.4,10.1,1.0,1.0,0.0,1.0,0.0,0.0,0.0,1.0,0.0,0.0,1.0,3,0,72.0,51.0,86.0,13.0,18.0,72.0,43.0,98.0,92.0,105.0,81.0,62.0,61.0,58.0,62.0,11.0,13.5,12.2,8.2,77.0,57.0,81.0,65.0,11.028571428571428,38.285714285714285,7.528571428571429,1.1428571428571428,47.0,Yellow
2026-02-13,47.0,66.0,74.0,34.93,95.45,9.8,2785.0,160.0,75.0,82.0,16.6,474.0,512.0,203.0,122.0,149.0,38.0,632.0,116.0,92.0,76.0,2026-02-13 01:06:40,2026-02-13 09:39:38,13.1,9.65,1.0,13.0,5.1,5.1,0.0,0.0,0.0,1.0,0.0,0.0,0.0,0.0,0.0,0.0,1.0,4,0,22.0,72.0,51.0,86.0,13.0,18.0,72.0,48.0,98.0,92.0,95.0,74.0,62.0,61.0,60.0,15.6,11.0,13.5,17.5,66.0,77.0,57.0,79.0,12.085714285714287,42.285714285714285,9.314285714285713,1.2857142857142858,73.0,Green
2026-02-14,73.0,61.0,100.0,34.35,95.67,14.4,2798.0,182.0,83.0,70.0,16.8,377.0,417.0,168.0,92.0,117.0,40.0,587.0,101.0,90.0,45.0,2026-02-14 04:10:53,2026-02-14 11:08:12,16.166666666666668,11.133333333333333,2.0,84.0,15.3,9.0,0.0,0.0,0.0,1.0,0.0,0.0,0.0,0.0,0.0,0.0,1.0,5,1,47.0,22.0,72.0,51.0,86.0,13.0,18.0,74.0,48.0,98.0,44.0,66.0,74.0,62.0,75.0,9.8,15.6,11.0,9.3,82.0,66.0,77.0,38.0,10.985714285714286,24.714285714285715,6.628571428571429,0.8571428571428571,58.0,Yellow
2026-02-15,58.0,66.0,85.0,34.15,97.82,8.9,1858.0,165.0,78.0,68.0,17.1,422.0,539.0,234.0,75.0,113.0,117.0,612.0,105.0,78.0,68.0,2026-02-15 01:30:59,2026-02-15 10:30:17,13.5,10.5,1.0,47.0,6.6,6.6,0.0,0.0,0.0,1.0,0.0,0.0,0.0,1.0,0.0,0.0,1.0,6,1,73.0,47.0,22.0,72.0,51.0,86.0,13.0,100.0,74.0,48.0,106.0,61.0,66.0,74.0,64.0,14.4,9.8,15.6,5.5,70.0,82.0,66.0,26.0,11.714285714285714,31.428571428571427,7.414285714285714,1.0,48.0,Yellow
2026-02-16,48.0,71.0,74.0,34.34,95.85,16.5,3041.0,187.0,83.0,68.0,17.6,464.0,573.0,240.0,105.0,119.0,109.0,578.0,95.0,81.0,71.0,2026-02-16 02:08:01,2026-02-16 11:41:20,14.133333333333333,11.683333333333334,4.0,111.0,31.3,11.9,1.0,1.0,1.0,1.0,0.0,0.0,0.0,1.0,0.0,0.0,1.0,0,0,58.0,73.0,47.0,22.0,72.0,51.0,86.0,85.0,100.0,74.0,105.0,66.0,61.0,66.0,58.0,8.9,14.4,9.8,12.2,68.0,70.0,82.0,81.0,12.2,38.142857142857146,8.357142857142858,1.1428571428571428,58.0,Yellow
2026-02-17,58.0,64.0,78.0,34.89,95.32,8.0,2439.0,150.0,75.0,81.0,17.0,485.0,522.0,241.0,94.0,150.0,37.0,579.0,57.0,92.0,66.0,2026-02-17 00:53:03,2026-02-17 09:35:41,12.883333333333333,9.583333333333334,1.0,22.0,5.0,5.0,0.0,0.0,0.0,1.0,0.0,0.0,0.0,1.0,0.0,0.0,1.0,1,0,48.0,58.0,73.0,47.0,22.0,72.0,51.0,74.0,85.0,100.0,92.0,71.0,66.0,61.0,61.0,16.5,8.9,14.4,13.5,68.0,68.0,70.0,57.0,12.814285714285715,48.0,11.785714285714286,1.5714285714285714,87.0,Green
2026-02-18,87.0,64.0,102.0,34.68,92.97,9.1,2348.0,147.0,77.0,82.0,17.4,418.0,476.0,198.0,52.0,168.0,58.0,542.0,60.0,87.0,79.0,2026-02-18 01:48:59,2026-02-18 09:45:56,13.8,9.75,1.0,31.0,5.6,5.6,0.0,1.0,0.0,1.0,0.0,0.0,0.0,1.0,0.0,0.0,1.0,2,0,58.0,48.0,58.0,73.0,47.0,22.0,72.0,78.0,74.0,85.0,98.0,64.0,71.0,66.0,62.0,8.0,16.5,8.9,11.0,81.0,68.0,68.0,77.0,12.028571428571428,46.857142857142854,11.528571428571428,1.5714285714285714,78.0,Green
2026-02-19,78.0,63.0,96.0,34.33,95.33,14.1,2825.0,173.0,75.0,75.0,17.2,383.0,465.0,180.0,114.0,89.0,82.0,563.0,79.0,82.0,78.0,2026-02-19 01:12:28,2026-02-19 08:58:11,13.2,8.966666666666667,4.0,56.0,26.9,10.1,1.0,1.0,0.0,1.0,0.0,0.0,0.0,0.0,0.0,0.0,1.0,3,0,87.0,58.0,48.0,58.0,73.0,47.0,22.0,102.0,78.0,74.0,48.0,64.0,64.0,71.0,74.0,9.1,8.0,16.5,15.6,82.0,81.0,68.0,66.0,11.757142857142856,51.285714285714285,12.328571428571431,1.7142857142857142,66.0,Yellow
2026-02-20,66.0,62.0,86.0,34.37,93.87,14.5,2614.0,155.0,76.0,79.0,16.6,448.0,482.0,163.0,124.0,161.0,34.0,622.0,116.0,92.0,66.0,2026-02-20 02:54:45,2026-02-20 10:57:16,14.9,10.95,2.0,91.0,18.8,12.9,0.0,1.0,1.0,1.0,0.0,0.0,0.0,0.0,0.0,0.0,1.0,4,0,78.0,87.0,58.0,48.0,58.0,73.0,47.0,96.0,102.0,78.0,74.0,63.0,64.0,64.0,66.0,14.1,9.1,8.0,9.8,75.0,82.0,81.0,82.0,11.542857142857143,52.0,13.685714285714285,2.0,65.0,Yellow
2026-02-21,65.0,61.0,90.0,33.88,96.5,7.2,2331.0,150.0,72.0,74.0,16.5,367.0,397.0,177.0,83.0,107.0,30.0,619.0,111.0,92.0,79.0,2026-02-21 03:01:11,2026-02-21 09:38:20,15.016666666666666,9.633333333333333,2.0,34.0,9.5,4.9,0.0,0.0,1.0,1.0,0.0,0.0,0.0,0.0,0.0,0.0,1.0,5,1,66.0,78.0,87.0,58.0,48.0,58.0,73.0,86.0,96.0,102.0,100.0,62.0,63.0,64.0,61.0,14.5,14.1,9.1,14.4,79.0,75.0,82.0,70.0,12.214285714285714,63.142857142857146,15.642857142857142,2.142857142857143,80.0,Green
2026-02-22,80.0,59.0,100.0,34.53,95.08,4.9,2128.0,143.0,67.0,77.0,16.6,374.0,402.0,121.0,102.0,151.0,28.0,606.0,126.0,93.0,80.0,2026-02-22 03:24:44,2026-02-22 10:07:26,15.4,10.116666666666667,0.0,0.0,0.0,0.0,0.0,0.0,0.0,1.0,0.0,0.0,0.0,0.0,0.0,0.0,1.0,6,1,65.0,66.0,78.0,87.0,58.0,48.0,58.0,90.0,86.0,96.0,85.0,61.0,62.0,63.0,66.0,7.2,14.5,14.1,8.9,74.0,79.0,75.0,68.0,11.185714285714285,56.0,14.814285714285713,2.142857142857143,93.0,Green
2026-02-23,93.0,56.0,121.0,33.41,93.83,5.9,2314.0,147.0,69.0,83.0,16.6,418.0,453.0,160.0,98.0,160.0,35.0,605.0,127.0,92.0,86.0,2026-02-23 03:01:12,2026-02-23 10:35:09,15.016666666666666,10.583333333333334,0.0,0.0,0.0,0.0,0.0,0.0,0.0,1.0,0.0,0.0,0.0,0.0,0.0,0.0,1.0,0,0,80.0,65.0,66.0,78.0,87.0,58.0,48.0,100.0,90.0,86.0,74.0,59.0,61.0,62.0,71.0,4.9,7.2,14.5,16.5,77.0,74.0,79.0,68.0,10.614285714285714,49.285714285714285,13.87142857142857,2.0,63.0,Yellow
2026-02-24,63.0,56.0,101.0,34.71,94.27,9.4,2365.0,160.0,72.0,67.0,16.5,327.0,382.0,128.0,108.0,91.0,55.0,599.0,120.0,85.0,83.0,2026-02-24 04:06:46,2026-02-24 10:29:27,16.1,10.483333333333333,1.0,19.0,5.3,5.3,0.0,0.0,0.0,1.0,0.0,0.0,0.0,0.0,0.0,0.0,1.0,1,0,93.0,80.0,65.0,66.0,78.0,87.0,58.0,121.0,100.0,90.0,78.0,56.0,59.0,61.0,64.0,5.9,4.9,7.2,8.0,83.0,77.0,74.0,81.0,9.1,33.42857142857143,9.4,1.4285714285714286,74.0,Green
2026-02-25,74.0,58.0,102.0,34.73,95.09,11.6,2517.0,157.0,78.0,83.0,16.5,408.0,444.0,138.0,131.0,139.0,36.0,612.0,127.0,92.0,91.0,2026-02-25 03:07:42,2026-02-25 10:32:31,15.116666666666667,10.533333333333333,1.0,32.0,5.9,5.9,0.0,0.0,0.0,1.0,0.0,0.0,0.0,0.0,0.0,0.0,1.0,2,0,63.0,93.0,80.0,65.0,66.0,78.0,87.0,101.0,121.0,100.0,102.0,56.0,56.0,59.0,64.0,9.4,5.9,4.9,9.1,67.0,83.0,77.0,82.0,9.299999999999999,33.0,9.442857142857141,1.4285714285714286,47.0,Yellow
2026-02-26,47.0,61.0,87.0,32.88,96.7,14.0,2934.0,191.0,77.0,70.0,16.3,362.0,384.0,136.0,106.0,120.0,22.0,620.0,127.0,94.0,69.0,2026-02-26 02:05:39,2026-02-26 08:29:40,14.083333333333334,8.483333333333333,4.0,66.0,23.3,8.9,1.0,1.0,0.0,1.0,0.0,0.0,0.0,1.0,0.0,0.0,1.0,3,0,74.0,63.0,93.0,80.0,65.0,66.0,78.0,102.0,101.0,121.0,96.0,58.0,56.0,56.0,63.0,11.6,9.4,5.9,14.1,83.0,67.0,83.0,75.0,9.657142857142857,33.142857142857146,9.485714285714286,1.4285714285714286,73.0,Green
2026-02-27,73.0,60.0,103.0,34.33,94.54,15.1,2984.0,165.0,74.0,81.0,16.2,421.0,455.0,211.0,79.0,131.0,34.0,632.0,127.0,92.0,82.0,2026-02-27 02:55:12,2026-02-27 10:30:48,14.916666666666666,10.5,1.0,39.0,13.0,13.0,0.0,1.0,0.0,1.0,0.0,0.0,0.0,0.0,0.0,0.0,1.0,4,0,47.0,74.0,63.0,93.0,80.0,65.0,66.0,87.0,102.0,101.0,86.0,61.0,58.0,56.0,62.0,14.0,11.6,9.4,14.5,70.0,83.0,67.0,79.0,9.642857142857142,34.57142857142857,8.971428571428572,1.4285714285714286,65.0,Yellow
2026-02-28,65.0,60.0,93.0,34.04,95.73,19.5,4561.0,174.0,90.0,70.0,16.6,362.0,376.0,184.0,95.0,83.0,14.0,639.0,127.0,96.0,72.0,2026-02-28 04:24:04,2026-02-28 10:40:40,16.4,10.666666666666666,1.0,152.0,16.7,16.7,0.0,0.0,1.0,1.0,0.0,0.0,0.0,1.0,0.0,0.0,1.0,5,1,73.0,47.0,74.0,63.0,93.0,80.0,65.0,103.0,87.0,102.0,90.0,60.0,61.0,58.0,61.0,15.1,14.0,11.6,7.2,81.0,70.0,83.0,74.0,9.72857142857143,27.142857142857142,8.142857142857142,1.2857142857142858,2.0,Red
2026-03-01,2.0,84.0,22.0,35.53,93.85,6.6,2166.0,165.0,80.0,21.0,17.6,281.0,341.0,126.0,73.0,82.0,60.0,670.0,127.0,82.0,76.0,2026-03-01 03:29:35,2026-03-01 09:10:45,15.483333333333334,9.166666666666666,1.0,29.0,8.4,8.4,0.0,0.0,1.0,1.0,0.0,0.0,0.0,1.0,0.0,0.0,1.0,6,1,65.0,73.0,47.0,74.0,63.0,93.0,80.0,93.0,103.0,87.0,100.0,60.0,60.0,61.0,59.0,19.5,15.1,14.0,4.9,70.0,81.0,70.0,77.0,11.485714285714286,44.0,9.171428571428573,1.1428571428571428,80.0,Green
2026-03-02,80.0,58.0,111.0,34.26,94.64,15.2,2977.0,191.0,71.0,82.0,16.7,418.0,453.0,189.0,123.0,106.0,35.0,607.0,127.0,92.0,81.0,2026-03-02 02:54:40,2026-03-02 10:28:30,14.9,10.466666666666667,3.0,60.0,26.799999999999997,10.7,1.0,0.0,1.0,1.0,0.0,0.0,0.0,0.0,0.0,0.0,1.0,0,0,2.0,65.0,73.0,47.0,74.0,63.0,93.0,22.0,93.0,103.0,121.0,84.0,60.0,60.0,56.0,6.6,19.5,15.1,5.9,21.0,70.0,81.0,83.0,11.728571428571428,48.142857142857146,10.371428571428572,1.2857142857142858,1.0,Red
2026-03-03,1.0,79.0,39.0,33.8,95.5,9.7,2331.0,157.0,72.0,12.0,17.1,52.0,84.0,28.0,24.0,0.0,32.0,610.0,127.0,94.0,,2026-03-03 18:27:00,2026-03-03 19:51:00,6.449999999999999,19.85,2.0,29.0,9.8,5.0,0.0,0.0,1.0,1.0,0.0,0.0,0.0,0.0,0.0,0.0,1.0,1,0,80.0,2.0,65.0,73.0,47.0,74.0,63.0,111.0,22.0,93.0,101.0,58.0,84.0,60.0,56.0,15.2,6.6,19.5,9.4,82.0,21.0,70.0,67.0,13.057142857142859,56.714285714285715,14.200000000000001,1.7142857142857142,89.0,Green
2026-03-04,89.0,57.0,124.0,33.82,95.21,16.2,3193.0,181.0,75.0,74.0,16.5,451.0,540.0,230.0,93.0,128.0,89.0,561.0,127.0,83.0,57.0,2026-03-04 01:46:19,2026-03-04 10:46:54,13.766666666666666,10.766666666666667,4.0,103.0,31.6,13.0,1.0,1.0,0.0,0.0,0.0,0.0,0.0,0.0,0.0,0.0,1.0,2,0,1.0,80.0,2.0,65.0,73.0,47.0,74.0,39.0,111.0,22.0,102.0,79.0,58.0,84.0,58.0,9.7,15.2,6.6,11.6,12.0,82.0,21.0,83.0,13.1,58.142857142857146,14.842857142857143,1.8571428571428572,33.0,Red
2026-03-05,33.0,58.0,94.0,34.77,95.0,13.5,2524.0,144.0,74.0,42.0,16.5,241.0,263.0,140.0,77.0,24.0,22.0,590.0,70.0,93.0,56.0,2026-03-05 03:45:45,2026-03-05 08:09:37,15.75,8.15,2.0,55.0,16.1,11.0,0.0,1.0,0.0,1.0,0.0,0.0,0.0,0.0,0.0,0.0,1.0,3,0,89.0,1.0,80.0,2.0,65.0,73.0,47.0,124.0,39.0,111.0,87.0,57.0,79.0,58.0,61.0,16.2,9.7,15.2,14.0,74.0,12.0,82.0,70.0,13.757142857142858,68.28571428571429,18.514285714285712,2.2857142857142856,70.0,Green
2026-03-06,70.0,56.0,100.0,34.3,93.0,6.9,2203.0,140.0,70.0,73.0,16.6,429.0,506.0,168.0,117.0,144.0,77.0,571.0,127.0,84.0,54.0,2026-03-06 03:33:02,2026-03-06 11:59:51,15.55,11.983333333333333,0.0,0.0,0.0,0.0,0.0,0.0,0.0,1.0,0.0,0.0,0.0,0.0,0.0,0.0,1.0,4,0,33.0,89.0,1.0,80.0,2.0,65.0,73.0,94.0,124.0,39.0,103.0,58.0,57.0,79.0,60.0,13.5,16.2,9.7,15.1,42.0,74.0,12.0,81.0,13.685714285714287,66.71428571428571,17.485714285714288,2.0,71.0,Green
2026-03-07,71.0,57.0,104.0,34.24,96.28,17.9,3615.0,176.0,81.0,79.0,16.9,440.0,480.0,196.0,128.0,116.0,40.0,570.0,90.0,91.0,64.0,2026-03-07 02:38:36,2026-03-07 10:39:21,14.633333333333333,10.65,2.0,86.0,21.5,13.9,0.0,1.0,0.0,1.0,0.0,0.0,0.0,1.0,0.0,0.0,1.0,5,1,70.0,33.0,89.0,1.0,80.0,2.0,65.0,100.0,94.0,124.0,93.0,56.0,58.0,57.0,60.0,6.9,13.5,16.2,19.5,73.0,42.0,74.0,70.0,12.514285714285714,61.142857142857146,15.62857142857143,1.8571428571428572,40.0,Yellow
2026-03-08,40.0,67.0,81.0,34.55,95.27,15.2,3310.0,167.0,78.0,63.0,17.4,335.0,387.0,186.0,68.0,81.0,52.0,616.0,83.0,86.0,73.0,2026-03-08 04:40:18,2026-03-08 11:07:36,16.666666666666668,11.116666666666667,3.0,188.0,26.6,12.7,0.0,0.0,1.0,1.0,0.0,0.0,0.0,1.0,0.0,0.0,1.0,6,1,71.0,70.0,33.0,89.0,1.0,80.0,2.0,104.0,100.0,94.0,22.0,57.0,56.0,58.0,84.0,17.9,6.9,13.5,6.6,79.0,73.0,42.0,21.0,12.285714285714286,51.714285714285715,16.314285714285713,2.0,54.0,Yellow
2026-03-09,54.0,55.0,105.0,33.11,96.0,15.1,3298.0,154.0,83.0,60.0,16.8,319.0,341.0,175.0,92.0,52.0,22.0,640.0,127.0,93.0,74.0,2026-03-09 04:19:46,2026-03-09 10:00:47,16.316666666666666,10.0,2.0,57.0,11.5,5.8,0.0,0.0,0.0,1.0,0.0,0.0,0.0,0.0,0.0,0.0,1.0,0,0,40.0,71.0,70.0,33.0,89.0,1.0,80.0,81.0,104.0,100.0,111.0,67.0,57.0,56.0,58.0,15.2,17.9,6.9,15.2,63.0,79.0,73.0,82.0,13.514285714285714,74.42857142857143,18.914285714285715,2.2857142857142856,5.0,Red
2026-03-10,5.0,71.0,81.0,33.56,96.0,15.2,3031.0,168.0,89.0,16.0,17.5,62.0,107.0,22.0,20.0,20.0,45.0,636.0,127.0,83.0,,2026-03-10 19:26:00,2026-03-10 21:13:00,7.433333333333334,21.216666666666665,3.0,85.0,21.8,7.6,0.0,0.0,1.0,1.0,0.0,0.0,0.0,1.0,0.0,0.0,1.0,1,0,54.0,40.0,71.0,70.0,33.0,89.0,1.0,105.0,81.0,104.0,39.0,55.0,67.0,57.0,79.0,15.1,15.2,17.9,9.7,60.0,63.0,79.0,12.0,13.5,74.0,16.72857142857143,2.142857142857143,6.0,Red
2026-03-11,6.0,82.0,79.0,34.86,,8.9,2525.0,142.0,69.0,1.0,17.1,37.0,60.0,7.0,30.0,0.0,23.0,524.0,47.0,62.0,,2026-03-11 14:31:00,2026-03-11 15:31:00,2.5166666666666675,15.516666666666667,1.0,31.0,6.8,6.8,0.0,0.0,1.0,0.0,0.0,0.0,0.0,0.0,0.0,0.0,1.0,2,0,5.0,54.0,40.0,71.0,70.0,33.0,89.0,81.0,105.0,81.0,124.0,71.0,55.0,67.0,57.0,15.2,15.1,15.2,16.2,16.0,60.0,63.0,74.0,14.285714285714283,82.0,18.442857142857143,2.2857142857142856,82.0,Green
2026-03-12,82.0,57.0,111.0,33.81,94.75,17.0,3466.0,154.0,81.0,70.0,16.9,298.0,328.0,128.0,90.0,80.0,30.0,493.0,47.0,90.0,53.0,2026-03-12 03:28:51,2026-03-12 08:57:51,15.466666666666667,8.95,3.0,133.0,26.200000000000003,12.3,0.0,1.0,0.0,1.0,0.0,0.0,0.0,0.0,0.0,0.0,1.0,3,0,6.0,5.0,54.0,40.0,71.0,70.0,33.0,79.0,81.0,105.0,94.0,82.0,71.0,55.0,58.0,8.9,15.2,15.1,13.5,1.0,16.0,60.0,42.0,13.242857142857142,71.71428571428571,14.900000000000002,1.8571428571428572,18.0,Red
2026-03-13,18.0,75.0,46.0,33.92,94.77,13.8,2567.0,190.0,78.0,44.0,17.8,416.0,481.0,188.0,106.0,122.0,65.0,650.0,125.0,86.0,55.0,2026-03-13 03:49:15,2026-03-13 11:51:06,15.816666666666666,11.85,3.0,64.0,22.900000000000002,12.3,1.0,0.0,1.0,1.0,0.0,0.0,0.0,1.0,0.0,0.0,1.0,4,0,82.0,6.0,5.0,54.0,40.0,71.0,70.0,111.0,79.0,81.0,100.0,57.0,82.0,71.0,56.0,17.0,8.9,15.2,6.9,70.0,1.0,16.0,73.0,13.742857142857142,82.85714285714286,16.342857142857145,2.0,38.0,Yellow
2026-03-14,38.0,66.0,85.0,35.27,94.5,8.3,2214.0,141.0,80.0,72.0,18.5,390.0,450.0,150.0,91.0,149.0,60.0,621.0,117.0,86.0,69.0,2026-03-14 03:03:45,2026-03-14 10:33:48,15.05,10.55,0.0,0.0,0.0,0.0,0.0,0.0,0.0,1.0,0.0,0.0,0.0,0.0,0.0,0.0,1.0,5,1,18.0,82.0,6.0,5.0,54.0,40.0,71.0,46.0,111.0,79.0,104.0,75.0,57.0,82.0,57.0,13.8,17.0,8.9,17.9,44.0,70.0,1.0,79.0,14.728571428571428,92.0,19.614285714285717,2.4285714285714284,20.0,Red
2026-03-15,20.0,74.0,67.0,36.1,95.1,9.1,2453.0,140.0,78.0,50.0,17.2,524.0,664.0,335.0,80.0,109.0,140.0,512.0,127.0,79.0,42.0,2026-03-15 02:09:19,2026-03-15 13:14:18,14.15,13.233333333333333,0.0,0.0,0.0,0.0,0.0,0.0,0.0,0.0,0.0,0.0,0.0,0.0,0.0,0.0,1.0,6,1,38.0,18.0,82.0,6.0,5.0,54.0,40.0,85.0,46.0,111.0,81.0,66.0,75.0,57.0,67.0,8.3,13.8,17.0,15.2,72.0,44.0,70.0,63.0,13.357142857142858,79.71428571428571,16.542857142857144,2.142857142857143,34.0,Yellow
2026-03-16,34.0,66.0,69.0,35.02,95.06,9.7,2624.0,144.0,73.0,82.0,18.9,466.0,494.0,204.0,106.0,156.0,28.0,412.0,0.0,94.0,60.0,2026-03-16 02:44:41,2026-03-16 10:59:07,14.733333333333334,10.983333333333333,1.0,64.0,8.8,8.8,0.0,0.0,1.0,0.0,0.0,0.0,0.0,0.0,0.0,0.0,1.0,0,0,20.0,38.0,18.0,82.0,6.0,5.0,54.0,67.0,85.0,46.0,105.0,74.0,66.0,75.0,55.0,9.1,8.3,13.8,15.1,50.0,72.0,44.0,60.0,12.485714285714286,52.857142857142854,12.742857142857146,1.7142857142857142,71.0,Green
2026-03-17,71.0,60.0,92.0,34.28,95.64,13.8,2757.0,159.0,77.0,79.0,18.0,394.0,436.0,166.0,60.0,168.0,42.0,406.0,0.0,90.0,44.0,2026-03-17 04:26:00,2026-03-17 11:42:19,16.433333333333334,11.7,4.0,148.0,27.3,8.2,0.0,1.0,1.0,1.0,0.0,0.0,0.0,0.0,0.0,0.0,1.0,1,0,34.0,20.0,38.0,18.0,82.0,6.0,5.0,69.0,67.0,85.0,81.0,66.0,74.0,66.0,71.0,9.7,9.1,8.3,15.2,82.0,50.0,72.0,16.0,11.714285714285714,53.857142857142854,12.35714285714286,1.5714285714285714,94.0,Green
2026-03-18,94.0,57.0,118.0,33.6,94.38,15.2,2882.0,156.0,76.0,81.0,17.3,424.0,445.0,190.0,92.0,142.0,21.0,510.0,7.0,95.0,65.0,2026-03-18 03:27:30,2026-03-18 10:52:39,15.45,10.866666666666667,3.0,97.0,23.2,12.0,0.0,1.0,1.0,1.0,1.0,1.0,0.0,1.0,0.0,0.0,1.0,2,0,71.0,34.0,20.0,38.0,18.0,82.0,6.0,92.0,69.0,67.0,79.0,60.0,66.0,74.0,82.0,13.8,9.7,9.1,8.9,79.0,82.0,50.0,1.0,11.514285714285716,62.857142857142854,13.142857142857144,1.7142857142857142,65.0,Yellow
2026-03-19,65.0,59.0,93.0,34.19,94.71,15.9,3317.0,164.0,81.0,80.0,17.3,394.0,422.0,157.0,84.0,153.0,28.0,568.0,55.0,93.0,74.0,2026-03-19 03:56:03,2026-03-19 10:58:09,15.933333333333334,10.966666666666667,3.0,62.0,20.9,11.2,1.0,0.0,1.0,1.0,1.0,1.0,0.0,1.0,0.0,0.0,1.0,3,0,94.0,71.0,34.0,20.0,38.0,18.0,82.0,118.0,92.0,69.0,111.0,57.0,60.0,66.0,57.0,15.2,13.8,9.7,17.0,81.0,79.0,82.0,70.0,12.414285714285715,72.28571428571429,15.485714285714286,2.0,50.0,Yellow
2026-03-20,50.0,62.0,81.0,34.26,94.79,16.0,3086.0,168.0,83.0,80.0,16.5,403.0,430.0,178.0,80.0,145.0,27.0,629.0,112.0,93.0,85.0,2026-03-20 03:58:56,2026-03-20 11:09:56,15.966666666666667,11.15,1.0,33.0,11.9,11.9,1.0,0.0,0.0,1.0,1.0,1.0,0.0,1.0,0.0,0.0,1.0,4,0,65.0,94.0,71.0,34.0,20.0,38.0,18.0,93.0,118.0,92.0,46.0,59.0,57.0,60.0,75.0,15.9,15.2,13.8,13.8,80.0,81.0,79.0,44.0,12.257142857142856,62.142857142857146,14.728571428571428,2.0,34.0,Yellow
2026-03-21,34.0,68.0,67.0,34.17,95.58,9.5,2536.0,142.0,75.0,69.0,17.7,447.0,520.0,173.0,115.0,159.0,73.0,645.0,127.0,86.0,75.0,2026-03-21 02:12:13,2026-03-21 10:52:47,14.2,10.866666666666667,1.0,44.0,8.1,8.1,0.0,0.0,1.0,1.0,1.0,1.0,0.0,1.0,0.0,0.0,1.0,5,1,50.0,65.0,94.0,71.0,34.0,20.0,38.0,81.0,93.0,118.0,85.0,62.0,59.0,57.0,66.0,16.0,15.9,15.2,8.3,80.0,80.0,81.0,72.0,12.571428571428571,57.714285714285715,13.157142857142857,1.7142857142857142,71.0,Green
2026-03-22,71.0,59.0,96.0,34.17,93.5,16.5,2967.0,182.0,78.0,86.0,17.0,419.0,455.0,155.0,122.0,142.0,36.0,584.0,99.0,92.0,89.0,2026-03-22 03:21:04,2026-03-22 10:56:21,15.35,10.933333333333334,2.0,59.0,20.5,13.3,1.0,1.0,0.0,1.0,0.0,1.0,0.0,1.0,0.0,0.0,1.0,6,1,34.0,50.0,65.0,94.0,71.0,34.0,20.0,67.0,81.0,93.0,67.0,68.0,62.0,59.0,74.0,9.5,16.0,15.9,9.1,69.0,80.0,80.0,50.0,12.742857142857142,64.0,14.314285714285713,1.8571428571428572,62.0,Yellow
2026-03-23,62.0,61.0,94.0,33.88,94.79,7.8,2325.0,149.0,70.0,83.0,16.8,421.0,455.0,175.0,133.0,113.0,34.0,627.0,105.0,93.0,92.0,2026-03-23 03:20:18,2026-03-23 10:55:43,15.333333333333334,10.916666666666666,0.0,0.0,0.0,0.0,0.0,0.0,1.0,1.0,1.0,1.0,0.0,0.0,0.0,0.0,1.0,0,0,71.0,34.0,50.0,65.0,94.0,71.0,34.0,96.0,67.0,81.0,69.0,59.0,68.0,62.0,66.0,16.5,9.5,16.0,9.7,86.0,69.0,80.0,82.0,13.799999999999999,72.42857142857143,17.24285714285714,2.142857142857143,57.0,Yellow
2026-03-24,57.0,58.0,113.0,34.72,95.25,9.8,2385.0,145.0,73.0,48.0,16.6,289.0,386.0,173.0,45.0,71.0,97.0,609.0,127.0,75.0,83.0,2026-03-24 03:30:23,2026-03-24 09:56:45,15.5,9.933333333333334,1.0,25.0,6.4,6.4,0.0,0.0,1.0,1.0,1.0,1.0,0.0,0.0,0.0,0.0,1.0,1,0,62.0,71.0,34.0,50.0,65.0,94.0,71.0,94.0,96.0,67.0,92.0,61.0,59.0,68.0,60.0,7.8,16.5,9.5,13.8,83.0,86.0,69.0,79.0,13.528571428571427,63.285714285714285,15.985714285714284,2.0,72.0,Green
2026-03-25,72.0,55.0,100.0,34.6,96.5,9.0,2474.0,140.0,71.0,83.0,16.9,431.0,462.0,184.0,118.0,129.0,31.0,613.0,127.0,93.0,84.0,2026-03-25 02:34:11,2026-03-25 10:17:05,14.566666666666666,10.283333333333333,0.0,0.0,0.0,0.0,0.0,0.0,1.0,1.0,1.0,1.0,0.0,0.0,0.0,0.0,1.0,2,0,57.0,62.0,71.0,34.0,50.0,65.0,94.0,113.0,94.0,96.0,118.0,58.0,61.0,59.0,57.0,9.8,7.8,16.5,15.2,48.0,83.0,86.0,81.0,12.957142857142857,45.714285714285715,13.0,1.5714285714285714,47.0,Yellow
2026-03-26,47.0,54.0,105.0,34.8,94.4,19.8,4683.0,163.0,92.0,52.0,16.6,272.0,281.0,117.0,103.0,52.0,9.0,600.0,116.0,97.0,70.0,2026-03-26 03:28:02,2026-03-26 08:09:20,15.466666666666667,8.15,6.0,176.0,41.6,13.5,0.0,1.0,1.0,1.0,1.0,1.0,0.0,0.0,0.0,0.0,1.0,3,0,72.0,57.0,62.0,71.0,34.0,50.0,65.0,100.0,113.0,94.0,93.0,55.0,58.0,61.0,59.0,9.0,9.8,7.8,15.9,83.0,48.0,83.0,80.0,12.071428571428571,31.857142857142858,9.685714285714285,1.1428571428571428,1.0,Red
2026-03-27,1.0,87.0,21.0,35.3,95.86,10.4,2329.0,181.0,86.0,23.0,18.9,299.0,369.0,143.0,78.0,78.0,70.0,672.0,127.0,81.0,83.0,2026-03-27 03:10:51,2026-03-27 09:20:14,15.166666666666666,9.333333333333334,3.0,65.0,18.7,7.1,0.0,0.0,0.0,1.0,0.0,1.0,0.0,1.0,0.0,0.0,1.0,4,0,47.0,72.0,57.0,62.0,71.0,34.0,50.0,105.0,100.0,113.0,81.0,54.0,55.0,58.0,62.0,19.8,9.0,9.8,16.0,52.0,83.0,48.0,80.0,12.62857142857143,48.142857142857146,12.642857142857142,1.5714285714285714,43.0,Yellow
2026-03-28,43.0,67.0,66.0,34.58,92.61,10.6,2567.0,158.0,74.0,79.0,17.4,493.0,509.0,215.0,109.0,169.0,16.0,559.0,127.0,97.0,61.0,2026-03-28 01:34:13,2026-03-28 10:03:27,13.566666666666666,10.05,2.0,43.0,10.4,5.5,0.0,1.0,1.0,0.0,1.0,1.0,0.0,0.0,0.0,0.0,1.0,5,1,1.0,47.0,72.0,57.0,62.0,71.0,34.0,21.0,105.0,100.0,67.0,87.0,54.0,55.0,68.0,10.4,19.8,9.0,9.5,23.0,52.0,83.0,69.0,11.828571428571431,52.714285714285715,13.614285714285714,1.8571428571428572,64.0,Yellow
2026-03-29,64.0,56.0,90.0,34.53,93.62,19.5,4314.0,193.0,83.0,77.0,16.9,425.0,513.0,169.0,116.0,140.0,88.0,530.0,42.0,82.0,74.0,2026-03-29 01:55:20,2026-03-29 10:28:23,13.916666666666666,10.466666666666667,4.0,185.0,34.1,17.7,0.0,0.0,0.0,1.0,1.0,1.0,0.0,0.0,0.0,0.0,1.0,6,1,43.0,1.0,47.0,72.0,57.0,62.0,71.0,66.0,21.0,105.0,96.0,67.0,87.0,54.0,59.0,10.6,10.4,19.8,16.5,79.0,23.0,52.0,86.0,11.985714285714286,52.57142857142857,13.942857142857145,2.0,59.0,Yellow
2026-03-30,59.0,61.0,86.0,34.18,94.57,10.7,2439.0,193.0,75.0,81.0,16.9,414.0,460.0,197.0,106.0,111.0,46.0,610.0,67.0,89.0,82.0,2026-03-30 02:23:29,2026-03-30 10:03:39,14.383333333333333,10.05,2.0,54.0,11.8,6.1,0.0,0.0,0.0,1.0,1.0,1.0,0.0,0.0,0.0,0.0,1.0,0,0,64.0,43.0,1.0,47.0,72.0,57.0,62.0,90.0,66.0,21.0,94.0,56.0,67.0,87.0,61.0,19.5,10.6,10.4,7.8,77.0,79.0,23.0,83.0,12.414285714285715,70.57142857142857,15.885714285714288,2.2857142857142856,70.0,Green
2026-03-31,70.0,57.0,102.0,34.31,95.57,13.5,2892.0,150.0,79.0,73.0,16.7,367.0,378.0,211.0,86.0,70.0,11.0,615.0,126.0,97.0,71.0,2026-03-31 01:52:28,2026-03-31 08:10:36,13.866666666666667,8.166666666666666,1.0,16.0,4.9,4.9,0.0,0.0,0.0,1.0,1.0,1.0,0.0,0.0,0.0,0.0,1.0,1,0,59.0,64.0,43.0,1.0,47.0,72.0,57.0,86.0,90.0,66.0,113.0,61.0,56.0,67.0,58.0,10.7,19.5,10.6,9.8,81.0,77.0,79.0,48.0,12.828571428571431,78.28571428571429,17.571428571428573,2.5714285714285716,57.0,Yellow
2026-04-01,57.0,62.0,84.0,34.26,92.84,12.3,2816.0,144.0,74.0,84.0,16.9,455.0,472.0,171.0,140.0,144.0,17.0,629.0,127.0,96.0,85.0,2026-04-01 01:47:34,2026-04-01 09:39:42,13.783333333333333,9.65,3.0,71.0,16.9,6.0,0.0,0.0,1.0,1.0,0.0,1.0,0.0,0.0,0.0,0.0,1.0,2,0,70.0,59.0,64.0,43.0,1.0,47.0,72.0,102.0,86.0,90.0,100.0,57.0,61.0,56.0,55.0,13.5,10.7,19.5,9.0,73.0,81.0,77.0,83.0,13.357142857142858,77.0,17.357142857142858,2.5714285714285716,39.0,Yellow
2026-04-02,39.0,57.0,86.0,34.58,96.83,14.6,2456.0,153.0,73.0,57.0,16.8,293.0,313.0,125.0,70.0,98.0,20.0,607.0,112.0,94.0,75.0,2026-04-02 02:40:59,2026-04-02 07:54:19,14.666666666666666,7.9,2.0,75.0,18.4,13.1,0.0,1.0,0.0,1.0,0.0,1.0,0.0,0.0,0.0,0.0,1.0,3,0,57.0,70.0,59.0,64.0,43.0,1.0,47.0,84.0,102.0,86.0,105.0,62.0,57.0,61.0,54.0,12.3,13.5,10.7,19.8,84.0,73.0,81.0,52.0,13.828571428571427,87.14285714285714,19.771428571428572,3.0,63.0,Yellow
2026-04-03,63.0,56.0,92.0,34.85,94.11,13.2,2906.0,177.0,75.0,81.0,16.5,464.0,511.0,190.0,144.0,130.0,47.0,636.0,127.0,91.0,75.0,2026-04-03 01:40:00,2026-04-03 10:11:23,13.666666666666666,10.183333333333334,3.0,66.0,20.1,8.1,1.0,0.0,0.0,1.0,1.0,1.0,0.0,0.0,0.0,0.0,1.0,4,0,39.0,57.0,70.0,59.0,64.0,43.0,1.0,86.0,84.0,102.0,21.0,57.0,62.0,57.0,87.0,14.6,12.3,13.5,10.4,57.0,84.0,73.0,23.0,13.085714285714285,72.71428571428571,16.45714285714286,2.4285714285714284,24.0,Red
2026-04-04,24.0,65.0,64.0,34.67,95.91,12.5,2480.0,200.0,78.0,46.0,17.3,291.0,378.0,153.0,31.0,107.0,87.0,610.0,110.0,77.0,74.0,2026-04-04 03:20:32,2026-04-04 09:38:44,15.333333333333334,9.633333333333333,1.0,22.0,5.3,5.3,0.0,0.0,1.0,1.0,1.0,1.0,0.0,1.0,0.0,0.0,1.0,5,1,63.0,39.0,57.0,70.0,59.0,64.0,43.0,92.0,86.0,84.0,66.0,56.0,57.0,62.0,67.0,13.2,14.6,12.3,10.6,81.0,57.0,84.0,79.0,13.485714285714284,72.85714285714286,16.65714285714286,2.4285714285714284,49.0,Yellow
2026-04-05,49.0,60.0,78.0,34.93,96.0,5.7,2230.0,145.0,69.0,83.0,17.1,432.0,454.0,197.0,111.0,124.0,22.0,624.0,127.0,95.0,84.0,2026-04-05 02:08:36,2026-04-05 09:42:49,14.133333333333333,9.7,0.0,0.0,0.0,0.0,0.0,0.0,0.0,0.0,1.0,1.0,0.0,1.0,0.0,0.0,1.0,6,1,24.0,63.0,39.0,57.0,70.0,59.0,64.0,64.0,92.0,86.0,90.0,65.0,56.0,57.0,56.0,12.5,13.2,14.6,19.5,46.0,81.0,57.0,77.0,13.757142857142856,69.85714285714286,15.928571428571429,2.2857142857142856,58.0,Yellow
2026-04-06,58.0,57.0,83.0,34.3,92.69,16.7,3292.0,183.0,78.0,81.0,16.2,392.0,421.0,85.0,147.0,160.0,29.0,601.0,123.0,92.0,86.0,2026-04-06 02:52:17,2026-04-06 09:54:04,14.866666666666667,9.9,3.0,175.0,27.4,14.1,1.0,0.0,1.0,1.0,1.0,1.0,0.0,1.0,0.0,0.0,1.0,0,0,49.0,24.0,63.0,39.0,57.0,70.0,59.0,78.0,64.0,92.0,86.0,60.0,65.0,56.0,61.0,5.7,12.5,13.2,10.7,83.0,46.0,81.0,81.0,11.785714285714286,43.42857142857143,11.057142857142859,1.7142857142857142,56.0,Yellow
2026-04-07,56.0,61.0,85.0,34.63,94.91,16.0,2997.0,167.0,77.0,73.0,17.1,392.0,419.0,173.0,106.0,113.0,27.0,650.0,127.0,93.0,74.0,2026-04-07 03:50:19,2026-04-07 10:49:52,15.833333333333334,10.816666666666666,2.0,27.0,17.1,12.0,1.0,1.0,0.0,1.0,1.0,1.0,0.0,1.0,0.0,0.0,1.0,1,0,58.0,49.0,24.0,63.0,39.0,57.0,70.0,83.0,78.0,64.0,102.0,57.0,60.0,65.0,57.0,16.7,5.7,12.5,13.5,81.0,83.0,46.0,73.0,12.642857142857142,60.714285714285715,13.285714285714286,1.8571428571428572,69.0,Green
2026-04-08,69.0,59.0,98.0,34.94,94.7,11.0,2409.0,162.0,74.0,67.0,16.6,362.0,424.0,173.0,62.0,127.0,62.0,645.0,127.0,85.0,80.0,2026-04-08 03:58:42,2026-04-08 11:03:00,15.966666666666667,11.05,0.0,0.0,0.0,0.0,0.0,0.0,0.0,1.0,0.0,1.0,0.0,1.0,0.0,0.0,1.0,2,0,56.0,58.0,49.0,24.0,63.0,39.0,57.0,85.0,83.0,78.0,84.0,61.0,57.0,60.0,62.0,16.0,16.7,5.7,12.3,73.0,81.0,83.0,84.0,13.0,62.285714285714285,15.028571428571428,2.0,76.0,Green
2026-04-09,76.0,56.0,94.0,34.06,94.95,14.0,3101.0,156.0,80.0,83.0,16.6,429.0,464.0,209.0,101.0,119.0,35.0,617.0,127.0,92.0,82.0,2026-04-09 02:42:59,2026-04-09 10:27:53,14.7,10.45,0.0,0.0,0.0,0.0,0.0,0.0,0.0,1.0,1.0,1.0,0.0,0.0,0.0,0.0,1.0,3,0,69.0,56.0,58.0,49.0,24.0,63.0,39.0,98.0,85.0,83.0,86.0,59.0,61.0,57.0,57.0,11.0,16.0,16.7,14.6,67.0,73.0,81.0,57.0,12.814285714285715,52.142857142857146,12.614285714285714,1.5714285714285714,28.0,Red
2026-04-10,28.0,69.0,68.0,34.96,95.94,18.0,3889.0,176.0,89.0,59.0,17.5,315.0,328.0,149.0,76.0,90.0,13.0,624.0,120.0,96.0,81.0,2026-04-10 04:19:01,2026-04-10 09:47:02,16.316666666666666,9.783333333333333,7.0,226.0,52.6,13.6,0.0,0.0,0.0,1.0,0.0,1.0,0.0,1.0,0.0,0.0,1.0,4,0,76.0,69.0,56.0,58.0,49.0,24.0,63.0,94.0,98.0,85.0,92.0,56.0,59.0,61.0,56.0,14.0,11.0,16.0,13.2,83.0,67.0,73.0,81.0,12.72857142857143,41.42857142857143,9.985714285714286,1.2857142857142858,5.0,Red
2026-04-11,5.0,72.0,41.0,34.84,94.44,17.9,3831.0,173.0,91.0,30.0,18.8,239.0,259.0,70.0,88.0,81.0,20.0,660.0,127.0,92.0,73.0,2026-04-11 04:59:04,2026-04-11 09:18:13,16.983333333333334,9.3,2.0,170.0,20.900000000000002,16.1,0.0,0.0,0.0,0.0,0.0,1.0,0.0,1.0,0.0,0.0,1.0,5,1,28.0,76.0,69.0,56.0,58.0,49.0,24.0,68.0,94.0,98.0,64.0,69.0,56.0,59.0,65.0,18.0,14.0,11.0,12.5,59.0,83.0,67.0,46.0,13.414285714285715,64.28571428571429,14.62857142857143,1.8571428571428572,8.0,Red
2026-04-12,8.0,78.0,27.0,35.13,93.42,8.8,2107.0,143.0,80.0,31.0,18.5,337.0,389.0,109.0,123.0,105.0,52.0,659.0,127.0,87.0,71.0,2026-04-12 05:02:54,2026-04-12 11:32:24,17.03333333333333,11.533333333333333,1.0,15.0,4.8,4.8,0.0,0.0,0.0,0.0,0.0,1.0,0.0,1.0,0.0,0.0,1.0,6,1,5.0,28.0,76.0,69.0,56.0,58.0,49.0,41.0,68.0,94.0,78.0,72.0,69.0,56.0,60.0,17.9,18.0,14.0,5.7,30.0,59.0,83.0,83.0,14.185714285714285,85.42857142857143,16.857142857142858,2.0,90.0,Green
2026-04-13,90.0,52.0,116.0,34.83,93.9,8.7,2261.0,137.0,68.0,78.0,17.3,443.0,470.0,211.0,101.0,131.0,27.0,610.0,127.0,94.0,61.0,2026-04-13 02:33:51,2026-04-13 10:23:57,14.55,10.383333333333333,2.0,60.0,10.8,5.8,0.0,0.0,0.0,1.0,0.0,1.0,0.0,0.0,0.0,0.0,1.0,0,0,8.0,5.0,28.0,76.0,69.0,56.0,58.0,27.0,41.0,68.0,83.0,78.0,72.0,69.0,57.0,8.8,17.9,18.0,16.7,31.0,30.0,59.0,81.0,14.62857142857143,87.57142857142857,17.542857142857144,2.142857142857143,73.0,Green
2026-04-14,73.0,55.0,94.0,34.34,93.5,17.9,3441.0,188.0,76.0,81.0,18.0,507.0,557.0,263.0,89.0,155.0,50.0,590.0,107.0,91.0,64.0,2026-04-14 01:31:01,2026-04-14 10:48:33,13.516666666666666,10.8,4.0,131.0,37.900000000000006,13.3,1.0,1.0,0.0,0.0,0.0,1.0,0.0,0.0,0.0,0.0,1.0,1,0,90.0,8.0,5.0,28.0,76.0,69.0,56.0,116.0,27.0,41.0,85.0,52.0,78.0,72.0,61.0,8.7,8.8,17.9,16.0,78.0,31.0,30.0,73.0,13.485714285714284,71.14285714285714,15.171428571428573,2.0,60.0,Yellow
2026-04-15,60.0,54.0,94.0,34.35,95.56,14.7,3264.0,144.0,79.0,63.0,17.1,337.0,439.0,179.0,24.0,134.0,102.0,585.0,53.0,76.0,79.0,2026-04-15 02:56:11,2026-04-15 10:15:28,14.933333333333334,10.25,3.0,64.0,16.1,6.0,0.0,0.0,1.0,1.0,0.0,1.0,0.0,0.0,0.0,0.0,1.0,2,0,73.0,90.0,8.0,5.0,28.0,76.0,69.0,94.0,116.0,27.0,98.0,55.0,52.0,78.0,59.0,17.9,8.7,8.8,11.0,81.0,78.0,31.0,67.0,13.757142857142856,86.0,18.142857142857146,2.2857142857142856,54.0,Yellow
2026-04-16,54.0,53.0,88.0,34.41,94.18,12.2,2543.0,142.0,75.0,72.0,17.2,369.0,392.0,154.0,81.0,134.0,23.0,633.0,123.0,94.0,79.0,2026-04-16 03:53:45,2026-04-16 10:26:14,15.883333333333333,10.433333333333334,3.0,69.0,17.2,6.5,0.0,0.0,1.0,1.0,1.0,1.0,0.0,1.0,0.0,0.0,1.0,3,0,60.0,73.0,90.0,8.0,5.0,28.0,76.0,94.0,94.0,116.0,94.0,54.0,55.0,52.0,56.0,14.7,17.9,8.7,14.0,63.0,81.0,78.0,83.0,14.285714285714286,95.14285714285714,20.442857142857147,2.7142857142857144,65.0,Yellow
2026-04-17,65.0,55.0,93.0,33.96,93.92,19.3,4599.0,188.0,86.0,83.0,17.3,439.0,475.0,222.0,62.0,155.0,36.0,622.0,127.0,92.0,83.0,2026-04-17 02:08:19,2026-04-17 10:03:53,14.133333333333333,10.05,3.0,100.0,26.2,13.7,1.0,0.0,1.0,1.0,1.0,1.0,0.0,0.0,0.0,0.0,1.0,4,0,54.0,60.0,73.0,90.0,8.0,5.0,28.0,88.0,94.0,94.0,68.0,53.0,54.0,55.0,69.0,12.2,14.7,17.9,18.0,72.0,63.0,81.0,59.0,14.028571428571427,105.0,22.900000000000002,3.142857142857143,22.0,Red
2026-04-18,22.0,63.0,77.0,33.97,88.67,11.9,2523.0,136.0,78.0,26.0,18.0,248.0,362.0,131.0,83.0,34.0,114.0,659.0,117.0,68.0,78.0,2026-04-18 04:23:18,2026-04-18 10:26:12,16.383333333333333,10.433333333333334,3.0,128.0,22.799999999999997,8.6,0.0,0.0,1.0,1.0,0.0,1.0,0.0,0.0,0.0,0.0,1.0,5,1,65.0,54.0,60.0,73.0,90.0,8.0,5.0,93.0,88.0,94.0,41.0,55.0,53.0,54.0,72.0,19.3,12.2,14.7,17.9,83.0,72.0,63.0,30.0,14.214285714285714,87.0,19.12857142857143,2.5714285714285716,54.0,Yellow
2026-04-19,54.0,61.0,84.0,33.68,93.5,12.0,2613.0,135.0,77.0,61.0,17.3,372.0,492.0,169.0,98.0,105.0,120.0,621.0,127.0,76.0,72.0,2026-04-19 03:41:53,2026-04-19 11:54:05,15.683333333333334,11.9,1.0,26.0,6.1,6.1,0.0,0.0,1.0,1.0,1.0,1.0,0.0,1.0,0.0,0.0,1.0,6,1,22.0,65.0,54.0,60.0,73.0,90.0,8.0,77.0,93.0,88.0,27.0,63.0,55.0,53.0,78.0,11.9,19.3,12.2,8.8,26.0,83.0,72.0,31.0,13.357142857142858,81.0,19.400000000000002,2.7142857142857144,69.0,Green
2026-04-20,69.0,57.0,103.0,33.74,93.08,11.2,2394.0,143.0,72.0,70.0,16.5,339.0,363.0,113.0,118.0,108.0,24.0,618.0,124.0,93.0,83.0,2026-04-20 04:18:25,2026-04-20 10:21:40,16.3,10.35,2.0,60.0,10.8,5.8,0.0,0.0,1.0,1.0,1.0,1.0,0.0,0.0,0.0,0.0,1.0,0,0,54.0,22.0,65.0,54.0,60.0,73.0,90.0,84.0,77.0,93.0,116.0,61.0,63.0,55.0,52.0,12.0,11.9,19.3,8.7,61.0,26.0,83.0,78.0,13.814285714285713,82.57142857142857,19.58571428571429,2.7142857142857144,70.0,Green
2026-04-21,70.0,54.0,94.0,34.32,95.57,12.9,2786.0,149.0,77.0,78.0,16.2,413.0,448.0,191.0,93.0,129.0,35.0,618.0,127.0,92.0,70.0,2026-04-21 02:22:00,2026-04-21 09:50:44,14.366666666666667,9.833333333333334,1.0,13.0,5.5,5.5,0.0,0.0,0.0,1.0,0.0,1.0,0.0,0.0,0.0,0.0,1.0,1,0,69.0,54.0,22.0,65.0,54.0,60.0,73.0,103.0,84.0,77.0,94.0,57.0,61.0,63.0,55.0,11.2,12.0,11.9,17.9,70.0,61.0,26.0,81.0,14.171428571428573,82.57142857142857,19.585714285714285,2.7142857142857144,51.0,Yellow
2026-04-22,51.0,60.0,81.0,33.82,94.77,14.9,3163.0,157.0,77.0,82.0,16.6,466.0,512.0,167.0,138.0,161.0,46.0,626.0,127.0,91.0,75.0,2026-04-22 02:48:05,2026-04-22 11:20:55,14.8,11.333333333333334,4.0,75.0,22.3,6.2,0.0,0.0,0.0,1.0,1.0,1.0,0.0,1.0,0.0,0.0,1.0,2,0,70.0,69.0,54.0,22.0,65.0,54.0,60.0,94.0,103.0,84.0,94.0,54.0,57.0,61.0,54.0,12.9,11.2,12.0,14.7,78.0,70.0,61.0,63.0,13.457142857142856,65.71428571428571,14.957142857142857,2.2857142857142856,52.0,Yellow
2026-04-23,52.0,60.0,80.0,34.03,94.94,17.5,3885.0,178.0,82.0,83.0,16.0,465.0,515.0,150.0,128.0,187.0,50.0,613.0,102.0,90.0,78.0,2026-04-23 02:08:11,2026-04-23 10:43:25,14.133333333333333,10.716666666666667,4.0,133.0,29.1,10.0,0.0,0.0,1.0,1.0,1.0,1.0,0.0,0.0,0.0,0.0,1.0,3,0,51.0,70.0,69.0,54.0,22.0,65.0,54.0,81.0,94.0,103.0,88.0,60.0,54.0,57.0,53.0,14.9,12.9,11.2,12.2,82.0,78.0,70.0,72.0,13.485714285714286,67.28571428571429,15.842857142857142,2.4285714285714284,39.0,Yellow
2026-04-24,39.0,67.0,65.0,34.06,96.2,12.0,2569.0,172.0,75.0,77.0,16.3,432.0,466.0,225.0,95.0,112.0,34.0,623.0,94.0,92.0,85.0,2026-04-24 02:20:13,2026-04-24 10:07:03,14.333333333333334,10.116666666666667,2.0,78.0,18.2,10.6,1.0,0.0,0.0,1.0,0.0,1.0,0.0,1.0,0.0,0.0,1.0,4,0,52.0,51.0,70.0,69.0,54.0,22.0,65.0,80.0,81.0,94.0,93.0,60.0,60.0,54.0,55.0,17.5,14.9,12.9,19.3,83.0,82.0,78.0,83.0,14.242857142857144,76.42857142857143,17.542857142857144,2.5714285714285716,73.0,Green
2026-04-25,73.0,56.0,90.0,34.12,97.67,15.9,3292.0,161.0,81.0,78.0,16.3,386.0,401.0,225.0,64.0,97.0,15.0,616.0,123.0,96.0,82.0,2026-04-25 02:38:06,2026-04-25 09:19:54,14.633333333333333,9.316666666666666,2.0,63.0,14.0,9.5,0.0,1.0,1.0,1.0,0.0,1.0,0.0,0.0,0.0,0.0,1.0,5,1,39.0,52.0,51.0,70.0,69.0,54.0,22.0,65.0,80.0,81.0,77.0,67.0,60.0,60.0,63.0,12.0,17.5,14.9,11.9,77.0,83.0,82.0,26.0,13.200000000000001,73.28571428571429,16.4,2.4285714285714284,20.0,Red
2026-04-26,20.0,71.0,51.0,34.38,93.0,14.9,2933.0,174.0,85.0,31.0,17.4,291.0,397.0,139.0,94.0,58.0,106.0,644.0,127.0,73.0,83.0,2026-04-26 03:16:16,2026-04-26 09:53:17,15.266666666666666,9.883333333333333,1.0,65.0,11.7,11.7,0.0,0.0,0.0,1.0,0.0,1.0,0.0,1.0,0.0,0.0,1.0,6,1,73.0,39.0,52.0,51.0,70.0,69.0,54.0,90.0,65.0,80.0,84.0,56.0,67.0,60.0,61.0,15.9,12.0,17.5,12.0,78.0,77.0,83.0,61.0,13.771428571428572,64.0,15.142857142857142,2.2857142857142856,87.0,Green
2026-04-27,87.0,61.0,99.0,34.42,94.57,16.6,3554.0,185.0,81.0,85.0,16.4,443.0,465.0,227.0,79.0,137.0,22.0,638.0,127.0,95.0,88.0,2026-04-27 02:14:32,2026-04-27 09:59:45,14.233333333333334,9.983333333333333,4.0,80.0,29.200000000000003,10.4,1.0,0.0,0.0,1.0,0.0,1.0,0.0,1.0,0.0,0.0,1.0,0,0,20.0,73.0,39.0,52.0,51.0,70.0,69.0,51.0,90.0,65.0,103.0,71.0,56.0,67.0,57.0,14.9,15.9,12.0,11.2,31.0,78.0,77.0,70.0,14.185714285714285,69.57142857142857,15.942857142857145,2.2857142857142856,3.0,Red
2026-04-28,3.0,78.0,58.0,34.06,98.0,12.8,2536.0,159.0,82.0,16.0,18.9,86.0,99.0,39.0,41.0,6.0,13.0,623.0,127.0,92.0,,2026-04-28 20:10:00,2026-04-28 21:49:00,8.166666666666668,21.816666666666666,2.0,59.0,12.3,6.3,0.0,0.0,0.0,1.0,0.0,1.0,0.0,1.0,0.0,0.0,1.0,1,0,87.0,20.0,73.0,39.0,52.0,51.0,70.0,99.0,51.0,90.0,94.0,61.0,71.0,56.0,54.0,16.6,14.9,15.9,12.9,85.0,31.0,78.0,78.0,14.957142857142857,72.42857142857143,18.571428571428573,2.5714285714285716,92.0,Green
2026-04-29,92.0,57.0,110.0,34.69,94.56,13.7,2602.0,175.0,70.0,81.0,16.8,460.0,489.0,243.0,90.0,127.0,29.0,539.0,127.0,94.0,64.0,2026-04-29 02:26:40,2026-04-29 10:36:08,14.433333333333334,10.6,2.0,43.0,15.9,11.3,0.0,1.0,1.0,1.0,1.0,1.0,0.0,0.0,0.0,0.0,1.0,2,0,3.0,87.0,20.0,73.0,39.0,52.0,51.0,58.0,99.0,51.0,81.0,78.0,61.0,71.0,60.0,12.8,16.6,14.9,14.9,16.0,85.0,31.0,82.0,14.942857142857145,79.0,19.542857142857144,2.7142857142857144,65.0,Yellow
2026-04-30,65.0,51.0,104.0,35.22,94.08,8.4,2122.0,137.0,69.0,62.0,16.8,288.0,318.0,126.0,110.0,52.0,30.0,553.0,50.0,90.0,67.0,2026-04-30 03:53:45,2026-04-30 09:12:20,15.883333333333333,9.2,2.0,46.0,10.100000000000001,5.2,0.0,0.0,0.0,1.0,1.0,1.0,0.0,0.0,0.0,0.0,1.0,3,0,92.0,3.0,87.0,20.0,73.0,39.0,52.0,110.0,58.0,99.0,80.0,57.0,78.0,61.0,60.0,13.7,12.8,16.6,17.5,81.0,16.0,85.0,83.0,14.771428571428572,74.42857142857143,18.62857142857143,2.4285714285714284,74.0,Green
2026-05-01,74.0,53.0,95.0,34.58,94.1,16.6,3498.0,164.0,79.0,80.0,16.6,473.0,508.0,215.0,96.0,162.0,35.0,610.0,127.0,93.0,66.0,2026-05-01 01:37:49,2026-05-01 10:06:16,13.616666666666667,10.1,3.0,72.0,20.8,9.8,0.0,1.0,0.0,1.0,1.0,1.0,0.0,0.0,0.0,0.0,1.0,4,0,65.0,92.0,3.0,87.0,20.0,73.0,39.0,104.0,110.0,58.0,65.0,51.0,57.0,78.0,67.0,8.4,13.7,12.8,12.0,62.0,81.0,16.0,77.0,13.471428571428572,62.0,15.914285714285715,2.142857142857143,46.0,Yellow
2026-05-02,46.0,65.0,72.0,34.76,95.43,14.5,3359.0,169.0,84.0,79.0,17.9,406.0,434.0,211.0,90.0,105.0,28.0,609.0,87.0,93.0,78.0,2026-05-02 02:41:43,2026-05-02 09:56:24,14.683333333333334,9.933333333333334,4.0,124.0,24.6,6.8,1.0,0.0,1.0,1.0,0.0,1.0,0.0,0.0,0.0,0.0,1.0,5,1,74.0,65.0,92.0,3.0,87.0,20.0,73.0,95.0,104.0,110.0,90.0,53.0,51.0,57.0,56.0,16.6,8.4,13.7,15.9,80.0,62.0,81.0,78.0,14.12857142857143,61.142857142857146,16.285714285714285,2.2857142857142856,20.0,Red
2026-05-03,20.0,75.0,45.0,35.06,94.64,5.2,1868.0,127.0,72.0,28.0,18.0,328.0,402.0,136.0,81.0,111.0,74.0,635.0,127.0,81.0,39.0,2026-05-03 05:57:45,2026-05-03 12:40:34,17.95,12.666666666666666,1.0,44.0,7.6,7.6,0.0,0.0,1.0,0.0,0.0,1.0,0.0,1.0,0.0,0.0,1.0,6,1,46.0,74.0,65.0,92.0,3.0,87.0,20.0,72.0,95.0,104.0,51.0,65.0,53.0,51.0,71.0,14.5,16.6,8.4,14.9,79.0,80.0,62.0,31.0,13.928571428571429,69.85714285714286,17.8,2.5714285714285716,76.0,Green
2026-05-04,76.0,58.0,103.0,34.77,98.33,8.6,2241.0,135.0,71.0,76.0,16.5,407.0,451.0,184.0,112.0,111.0,44.0,605.0,127.0,90.0,61.0,2026-05-04 03:13:39,2026-05-04 10:45:25,15.216666666666667,10.75,2.0,48.0,9.4,5.0,0.0,0.0,0.0,1.0,1.0,1.0,0.0,0.0,0.0,0.0,1.0,0,0,20.0,46.0,74.0,65.0,92.0,3.0,87.0,45.0,72.0,95.0,99.0,75.0,65.0,53.0,61.0,5.2,14.5,16.6,16.6,28.0,79.0,80.0,85.0,12.542857142857144,66.85714285714286,17.214285714285715,2.5714285714285716,24.0,Red
2026-05-05,83.0,57.0,102.0,35.03,95.24,10.2,2848.0,143.0,70.0,76.0,17.1,537.0,578.0,247.0,124.0,166.0,41.0,622.0,127.0,92.0,38.0,2026-05-05 23:45:42,2026-05-06 09:23:45,11.75,9.383333333333333,1.0,16.0,4.8,4.8,0.0,0.0,0.0,1.0,1.0,1.0,0.0,1.0,0.0,0.0,1.0,1,0,24.0,76.0,20.0,46.0,74.0,65.0,92.0,77.0,103.0,45.0,110.0,56.0,58.0,75.0,57.0,12.1,8.6,5.2,13.7,40.0,76.0,28.0,81.0,11.3,56.142857142857146,13.314285714285715,2.142857142857143,72.0,Green
2026-05-07,72.0,55.0,97.0,34.5,95.67,10.5,2278.0,152.0,74.0,72.0,17.1,342.0,356.0,113.0,94.0,135.0,14.0,541.0,54.0,96.0,55.0,2026-05-07 03:58:47,2026-05-07 09:55:42,15.966666666666667,9.916666666666666,2.0,42.0,10.7,5.9,0.0,0.0,0.0,1.0,0.0,1.0,0.0,0.0,0.0,0.0,1.0,3,0,83.0,24.0,76.0,20.0,46.0,74.0,65.0,102.0,77.0,103.0,104.0,57.0,56.0,58.0,51.0,10.2,12.1,8.6,8.4,76.0,40.0,76.0,62.0,10.799999999999999,52.285714285714285,11.728571428571428,2.0,80.0,Green
2026-05-08,80.0,58.0,115.0,34.62,95.56,15.4,3465.0,159.0,81.0,64.0,17.5,377.0,478.0,164.0,54.0,159.0,101.0,615.0,127.0,78.0,67.0,2026-05-08 01:36:56,2026-05-08 09:35:14,13.6,9.583333333333334,3.0,56.0,17.0,6.7,0.0,0.0,0.0,1.0,0.0,1.0,0.0,0.0,0.0,0.0,1.0,4,0,72.0,83.0,24.0,76.0,20.0,46.0,74.0,97.0,102.0,77.0,95.0,55.0,57.0,56.0,53.0,10.5,10.2,12.1,16.6,72.0,76.0,40.0,80.0,11.1,51.714285714285715,11.814285714285715,2.0,11.0,Red
2026-05-09,11.0,78.0,25.0,35.01,94.38,14.8,2868.0,176.0,85.0,37.0,18.1,362.0,391.0,119.0,135.0,108.0,29.0,641.0,127.0,92.0,58.0,2026-05-09 04:19:56,2026-05-09 10:51:03,16.316666666666666,10.85,4.0,149.0,28.7,12.2,0.0,0.0,0.0,1.0,0.0,1.0,0.0,1.0,0.0,0.0,1.0,5,1,80.0,72.0,83.0,24.0,76.0,20.0,46.0,115.0,97.0,102.0,72.0,58.0,55.0,57.0,65.0,15.4,10.5,10.2,14.5,64.0,72.0,76.0,79.0,10.928571428571429,49.42857142857143,11.271428571428572,2.0,75.0,Green
2026-05-10,75.0,58.0,104.0,34.72,95.03,4.6,2145.0,142.0,65.0,81.0,17.2,451.0,469.0,171.0,137.0,143.0,18.0,637.0,127.0,96.0,74.0,2026-05-10 02:10:59,2026-05-10 10:00:20,14.166666666666666,10.0,0.0,0.0,0.0,0.0,0.0,0.0,0.0,1.0,0.0,1.0,0.0,0.0,0.0,0.0,1.0,6,1,11.0,80.0,72.0,83.0,24.0,76.0,20.0,25.0,115.0,97.0,45.0,78.0,58.0,55.0,75.0,14.8,15.4,10.5,5.2,37.0,64.0,72.0,28.0,10.971428571428572,53.0,11.857142857142858,2.0,59.0,Yellow
2026-05-11,59.0,55.0,95.0,34.28,95.67,10.0,2388.0,143.0,73.0,72.0,17.6,343.0,369.0,204.0,71.0,68.0,26.0,596.0,119.0,93.0,75.0,2026-05-11 02:48:33,2026-05-11 08:57:56,14.8,8.95,3.0,60.0,14.9,5.2,0.0,0.0,0.0,1.0,0.0,1.0,0.0,0.0,0.0,0.0,1.0,0,0,75.0,11.0,80.0,72.0,83.0,24.0,76.0,104.0,25.0,115.0,103.0,58.0,78.0,58.0,58.0,4.6,14.8,15.4,8.6,81.0,37.0,64.0,76.0,10.885714285714286,46.714285714285715,10.771428571428572,1.8571428571428572,76.0,Green
